[
  {
    "id": "003b53725b1f",
    "name": "Frase",
    "description": "The future of search is about answers, not links. Conversations, not rigid keywords. Frase transforms how you deliver answers with your content.",
    "category": "Keyword research tools, Writing assistants, Chrome Extensions, Search",
    "pricing": "Not Specified",
    "url": "https://frase.io",
    "official_website": "https://frase.io",
    "tags": []
  },
  {
    "id": "0210b79d-09db-4fd7-9846-cb87a678ca86",
    "name": "Forecaster Terminal",
    "description": "AI-powered market analysis and trading tools that scan earnings transcripts and financial reports",
    "category": "Finance",
    "pricing": "Paid",
    "url": "https://forecaster.biz",
    "official_website": "https://forecaster.biz",
    "tags": []
  },
  {
    "id": "029f9c25-cce3-4834-88b4-2a3adaeb42ba",
    "name": "Free Access To 9000+ AI Tools Database",
    "description": "Largest AI tools database with well-categorized tools, short & detailed descriptions, pricing info, thus easy to search & filter",
    "category": "Knowledge base software, Advertising tools",
    "pricing": "Unknown",
    "url": "https://free-access-to-ai-tools-database.com",
    "official_website": "https://free-access-to-ai-tools-database.com",
    "tags": []
  },
  {
    "id": "08bfb37f6001",
    "name": "FullStory",
    "description": "Advanced digital experience analytics platform that records, analyzes, and visualizes user interactions on websites and mobile applications. Provides actionable insights into user behavior and engagement with over 40 tool integrations.",
    "category": "Website",
    "pricing": "Premium",
    "url": "https://www.fullstory.com/",
    "official_website": "https://www.fullstory.com/",
    "tags": [
      "digital experience",
      "user behavior",
      "mobile analytics",
      "session replay",
      "user segmentation",
      "funnels"
    ]
  },
  {
    "id": "08c15419-1a34-4845-823a-0d0f512db279",
    "name": "FeedHive",
    "description": "Social media management platform with AI-powered content recycling, vast collection of management tools, and automated content optimization for multiple social platforms.",
    "category": "AI Productivity",
    "pricing": "Premium",
    "url": "https://feedhive.com",
    "official_website": "https://feedhive.com",
    "tags": []
  },
  {
    "id": "0a83e8c1-2e8e-4d84-b04d-0e1b8f3a7c95",
    "name": "Frase",
    "description": "AI-powered SEO + GEO platform for 50,000+ content teams. Creates content that ranks on Google and gets cited by AI platforms (ChatGPT, Claude, Gemini). Offers content optimization, brand voice control, SERP research, and GEO scoring with subscription pricing from $38/month.",
    "category": "AI Writing Tools",
    "pricing": "Premium",
    "url": "https://frase.io/",
    "official_website": "https://frase.io/",
    "tags": []
  },
  {
    "id": "0a990434-3ad1-4ee0-9d0b-9b802ceaeaff",
    "name": "Framer Motion",
    "description": "AI-powered animation library",
    "category": "AI Design",
    "pricing": "{\"model\":\"Freemium\",\"details\":\"Free tier available with premium plans\"}",
    "url": "framermotion",
    "official_website": "framermotion",
    "tags": []
  },
  {
    "id": "0ac9b91d5c26",
    "name": "Frase",
    "description": "AI-powered SEO + GEO platform for 50,000+ content teams. Creates content that ranks on Google and gets cited by AI platforms (ChatGPT, Claude, Gemini). Offers content optimization, brand voice control, SERP research, and GEO scoring with subscription pricing from $38/month.",
    "category": "Writing",
    "pricing": "Premium",
    "url": "https://frase.io/",
    "official_website": "https://frase.io/",
    "tags": [
      "GEO optimization",
      "content teams",
      "AI citations",
      "brand voice",
      "content optimization",
      "SEO optimization",
      "SERP research"
    ]
  },
  {
    "id": "0d873813-b347-4fb4-b57f-6a86d3b52392",
    "name": "Firebase Studio",
    "description": "Development environment with AI-powered features for Firebase applications",
    "category": "Developer Tools",
    "pricing": "Unknown",
    "url": "https://firebase.google.com/products/studio",
    "official_website": "https://firebase.google.com/products/studio",
    "tags": []
  },
  {
    "id": "0d9ee14e6693",
    "name": "Fast.ai",
    "description": "Simplifies deep learning with accessible courses and tools.",
    "category": "Education, Code Assistant",
    "pricing": "Free",
    "url": "https://www.fast.ai/",
    "official_website": "https://www.fast.ai/",
    "tags": []
  },
  {
    "id": "0f0817b8-572a-4c66-b980-992e18d4d329",
    "name": "Free Access To 9000+ AI Tools Database",
    "description": "Largest AI tools database with well-categorized tools, short & detailed descriptions, pricing info, thus easy to search & filter",
    "category": "AI Productivity",
    "pricing": "{\"model\":\"Varies\",\"details\":\"Pricing varies by tool\"}",
    "url": "https://www.producthunt.com/products/free-access-to-9000-ai-tools-database",
    "official_website": "https://www.producthunt.com/products/free-access-to-9000-ai-tools-database",
    "tags": []
  },
  {
    "id": "0fa2fe8ddf9d",
    "name": "Fellow.ai",
    "description": "Record, transcribe and summarize every meeting with the only AI meeting assistant built with privacy and security in mind.",
    "category": "Meeting software, AI notetakers",
    "pricing": "Not Specified",
    "url": "https://fellow.app",
    "official_website": "https://fellow.app",
    "tags": []
  },
  {
    "id": "15a4a371-9c61-4ae9-ab25-578d19874441",
    "name": "futuretools.io/tools/producthunt",
    "description": "Platform where people can discover and share the latest new products, apps, and tech gadgets",
    "category": "Platforms",
    "pricing": "Unknown",
    "url": "https://futuretools.io",
    "official_website": "https://futuretools.io",
    "tags": []
  },
  {
    "id": "162997f2-3200-4c17-a6f4-98673422fd24",
    "name": "Freshworks AI",
    "description": "AI-powered customer support solution",
    "category": "AI Customer Support",
    "pricing": "{\"model\":\"Varies\",\"details\":\"Pricing varies by tier and usage\"}",
    "url": "https://www.freshworksai.com",
    "official_website": "https://www.freshworksai.com",
    "tags": []
  },
  {
    "id": "16e455d9-d42c-42fa-a548-90629a41b718",
    "name": "FIM",
    "description": "Fill in the Middle model",
    "category": "AI Development Platforms",
    "pricing": "Freemium",
    "url": "https://meta.com",
    "official_website": "https://meta.com",
    "tags": []
  },
  {
    "id": "18623bf7-45c5-4be5-b7bb-7df7debe9bd2",
    "name": "Fal",
    "description": "Known for very fast implementations of image models.",
    "category": "AI Productivity",
    "pricing": "{\"model\":\"Varies\",\"details\":\"Pricing varies by tool\"}",
    "url": "https://www.producthunt.com/products/fal",
    "official_website": "https://www.producthunt.com/products/fal",
    "tags": []
  },
  {
    "id": "1bb56cb5-6abd-4dde-baf1-d3ca2fd7e87f",
    "name": "FeedGuardians",
    "description": "FeedGuardians is an AI-powered tool designed specifically for e-commerce brands to automate and manage social media comments on Instagram Facebook and TikTok using artificial intelligence to identify and promptly respond to customer inquiries automate repetitive responses and engage with potential buyers directly in comment threads this tool helps online retailers and social media managers efficiently handle high volumes of engagement maximize sales opportunities and maintain responsive customer",
    "category": "General",
    "pricing": "Unknown",
    "url": "https://futuretools.link/feedguardians-com",
    "official_website": "https://futuretools.link/feedguardians-com",
    "tags": []
  },
  {
    "id": "1c0819a8e14a",
    "name": "Flask",
    "description": "AI design tool",
    "category": "Artificial Intelligence, Design Tools",
    "pricing": "Not Specified",
    "url": "https://flask.ai",
    "official_website": "https://flask.ai",
    "tags": []
  },
  {
    "id": "1cf80970-f329-4bd6-814b-c4c88ef77b8d",
    "name": "FactSet Financial",
    "description": "Financial data and analytics",
    "category": "Specialized AI Services",
    "pricing": "Freemium",
    "url": "https://factset.com",
    "official_website": "https://factset.com",
    "tags": []
  },
  {
    "id": "1e27e183-4f67-46fa-9f98-0edb17626a36",
    "name": "Filevine AI",
    "description": "AI legal assistant with case management, document management, and workflow automation for law firms",
    "category": "Legal",
    "pricing": "Enterprise",
    "url": "https://www.filevine.com",
    "official_website": "https://www.filevine.com",
    "tags": []
  },
  {
    "id": "241b8964-314c-4aa6-a65e-acd8fb15b721",
    "name": "Fireflies.ai",
    "description": "AI meeting assistant that records, transcribes, and summarizes meetings across platforms like Zoom, Google Meet, and Teams. Features conversation analytics, topic tracking, and CRM integrations.",
    "category": "AI Productivity",
    "pricing": "Free",
    "url": "https://fireflies.ai",
    "official_website": "https://fireflies.ai",
    "tags": []
  },
  {
    "id": "260069a7-ce34-48d2-a5c3-d3852ba143be",
    "name": "FinChat.io",
    "description": "AI-powered investment research platform delivering financial data analysis through conversational interfaces",
    "category": "Finance",
    "pricing": "Freemium",
    "url": "https://finchat.io",
    "official_website": "https://finchat.io",
    "tags": []
  },
  {
    "id": "28274b9c-30b3-421e-aeb8-baba8d601d1b",
    "name": "Fair Isaac Credit",
    "description": "Credit scoring and analytics",
    "category": "Specialized AI Services",
    "pricing": "Freemium",
    "url": "https://fico.com",
    "official_website": "https://fico.com",
    "tags": []
  },
  {
    "id": "28a1c694-c9cd-4fa7-95ca-676fbb9884b0",
    "name": "Fliki",
    "description": "Text to video AI tool",
    "category": "AI Video Creation",
    "pricing": "Freemium",
    "url": "https://fliki.ai",
    "official_website": "https://fliki.ai",
    "tags": []
  },
  {
    "id": "29089a03fcd8",
    "name": "Fivetran",
    "description": "Automated data integration platform with 300+ pre-built connectors, zero-configuration setup, and intelligent schema selection. Handles complex data transformations and real-time monitoring.",
    "category": "Analytics",
    "pricing": "Premium",
    "url": "https://fivetran.com/",
    "official_website": "https://fivetran.com/",
    "tags": [
      "schema-selection",
      "300-plus-connectors",
      "complex-transformations",
      "zero-configuration",
      "real-time-monitoring",
      "automated-data-integration"
    ]
  },
  {
    "id": "2bcd2ed8-4060-4c20-a56a-141cf77392d7",
    "name": "FullStory AI",
    "description": "AI-enhanced digital experience analytics",
    "category": "AI Data Analytics",
    "pricing": "{\"model\":\"Freemium\",\"details\":\"Free tier available with premium plans\"}",
    "url": "fullstoryai",
    "official_website": "fullstoryai",
    "tags": []
  },
  {
    "id": "2d4626f0-da1d-4e6d-8faa-46c3438dda0c",
    "name": "Fathom",
    "description": "AI meeting recording and transcription",
    "category": "AI Productivity",
    "pricing": "{\"model\":\"Freemium\",\"details\":\"Free tier available with premium plans\"}",
    "url": "fathom",
    "official_website": "fathom",
    "tags": []
  },
  {
    "id": "2fc56e322c06",
    "name": "Figshare",
    "description": "Academic publishing and research data platform for scholarly communication",
    "category": "Research Infrastructure",
    "pricing": "Free",
    "url": "https://www.figshare.org",
    "official_website": "https://www.figshare.org",
    "tags": []
  },
  {
    "id": "304744138a13",
    "name": "Framer AI",
    "description": "AI website builder",
    "category": "Web Development",
    "pricing": "Not Specified",
    "url": "https://www.framer.com/",
    "official_website": "https://www.framer.com/",
    "tags": [
      "GitHub Community"
    ]
  },
  {
    "id": "323313cfc6dc",
    "name": "freebeat.ai 9.0",
    "description": "The World's First AI Music Video Agent.",
    "category": "Music Video Generator",
    "pricing": "Not specified",
    "url": "https://freebeat.ai",
    "official_website": "https://freebeat.ai",
    "tags": []
  },
  {
    "id": "3312491c-6f45-429f-91ed-d8a7922cc480",
    "name": "Flask",
    "description": "AI design tool",
    "category": "Artificial Intelligence, Design Tools",
    "pricing": "Unknown",
    "url": "https://flask.ai",
    "official_website": "https://flask.ai",
    "tags": []
  },
  {
    "id": "33e23833-f359-438e-bcb9-a8fb76ddab71",
    "name": "Fellow",
    "description": "AI-powered meeting management platform with comprehensive templates, agenda creation, action item tracking, copilot assistance, strong security posture, and extensive integration capabilities.",
    "category": "AI Productivity",
    "pricing": "Free",
    "url": "https://fellow.app",
    "official_website": "https://fellow.app",
    "tags": []
  },
  {
    "id": "35e693db-12cd-4f75-8511-25bb719ae6bd",
    "name": "Figmentor",
    "description": "Figmentor is a specialized design-to-code conversion tool that transforms Figma designs into fully functional Elementor templates for WordPress websites with exceptional accuracy and efficiency. The plugin leverages automation technology to analyze Figma design elements, intelligently map them to Elementor components, and generate responsive WordPress templates that maintain visual fidelity to the original design. By eliminating manual recreation work, Figmentor enables designers and developers",
    "category": "General",
    "pricing": "Unknown",
    "url": "https://futuretools.link/figmentor-io",
    "official_website": "https://futuretools.link/figmentor-io",
    "tags": []
  },
  {
    "id": "364acbd27dac",
    "name": "fish-speech",
    "description": "SOTA Open Source TTS",
    "category": "Audio and Speech AI",
    "pricing": "Not Specified",
    "url": "https://speech.fish.audio",
    "official_website": "https://speech.fish.audio",
    "tags": [
      "Two model variants: OpenAudio S1 (4B parameters) and S1-mini (0.5B parameters)",
      "Multilingual support: English, Japanese, Korean, Chinese, French, German, Arabic, Spanish",
      "WebUI inference with Gradio-based interface for easy use",
      "Fast inference with real-time factor of 1:7 on Nvidia RTX 4090",
      "Ranked #1 on TTS-Arena2 benchmark for text-to-speech evaluation",
      "Zero-shot & few-shot TTS from 10-30 second vocal samples",
      "Extensive documentation for installation, fine-tuning, and voice cloning",
      "Deploy-friendly with Linux/Windows support and Docker integration",
      "Excellent TTS quality with WER of 0.008 and CER of 0.004 on English text",
      "Comprehensive speech control with 50+ emotions, tone markers, and audio effects"
    ]
  },
  {
    "id": "37a0dcaa2ede",
    "name": "fabiomoschella/awesome-ai-for-devs",
    "description": "Comprehensive developer-focused AI resources including AI Learning, AI Utils, Agents",
    "category": "General",
    "pricing": "Unknown",
    "url": "https://github.com/fabiomoschella/awesome-ai-for-devs",
    "official_website": "https://github.com/fabiomoschella/awesome-ai-for-devs",
    "tags": []
  },
  {
    "id": "37da8e3d-82db-48da-8447-1a24cb1b9ca2",
    "name": "Figma AI",
    "description": "Creative collaborator AI integrated across Figma's design platform. Provides AI-powered content generation, visual editing, and design-to-code integration for enhanced productivity.",
    "category": "AI Design",
    "pricing": "Free",
    "url": "https://www.figma.com/ai/",
    "official_website": "https://www.figma.com/ai/",
    "tags": []
  },
  {
    "id": "3a44e298-af2e-44dd-b4c5-0ded8ea67113",
    "name": "Fliki",
    "description": "AI video generator from text with voiceover",
    "category": "AI Video & Media",
    "pricing": "{\"model\":\"Freemium\",\"details\":\"Free tier available with premium plans\"}",
    "url": "fliki",
    "official_website": "fliki",
    "tags": []
  },
  {
    "id": "3bd6d19d-5b02-4946-a7c2-5a1e9b1c199f",
    "name": "Fortinet AI",
    "description": "AI-powered network security platform",
    "category": "AI Security",
    "pricing": "{\"model\":\"Freemium\",\"details\":\"Free tier available with premium plans\"}",
    "url": "fortinetai",
    "official_website": "fortinetai",
    "tags": []
  },
  {
    "id": "3cea06e0-dcff-4e5c-a0ce-85b44ce51620",
    "name": "falcon-40b",
    "description": "\u2022",
    "category": "Model",
    "pricing": "Unknown",
    "url": "https://huggingface.co/tiiuae/falcon-40b",
    "official_website": "https://huggingface.co/tiiuae/falcon-40b",
    "tags": []
  },
  {
    "id": "40c8a95c4efc",
    "name": "Forewrite",
    "description": "An AI-powered tool designed to craft and enhance various content forms, including images.",
    "category": "Paraphraser, Content Enhancement",
    "pricing": "Paid",
    "url": "https://forewrite.ai",
    "official_website": "https://forewrite.ai",
    "tags": []
  },
  {
    "id": "414a7e95-3ff8-4903-ab53-b93aef3db03f",
    "name": "Floot",
    "description": "Floot is an AI-powered no-code web app builder that lets anyone create fully functional web applications just by describing their ideas to an AI chat interface completely removing the need for coding or technical expertise The platform uses advanced AI to automatically generate code configure databases set up the backend manage deployments and fix bugs based on plain language instructions making it especially useful for entrepreneurs nondevelopers or small business owners who want to rapidly lau",
    "category": "General",
    "pricing": "Unknown",
    "url": "https://futuretools.link/floot-com",
    "official_website": "https://futuretools.link/floot-com",
    "tags": []
  },
  {
    "id": "441a2f15-0699-4fe4-a2d1-845d30067d08",
    "name": "freeCodeCamp",
    "description": "Free coding bootcamp with AI-powered progress tracking and project recommendations",
    "category": "Business Growth",
    "pricing": "Free",
    "url": "https://freecodecamp.org",
    "official_website": "https://freecodecamp.org",
    "tags": []
  },
  {
    "id": "4534f8b5-c990-42f0-ac04-b634b5753504",
    "name": "Fin AI Agent",
    "description": "Highest-performing AI Agent in customer service, delivering high-quality answers and resolving complex queries",
    "category": "Customer Service",
    "pricing": "Enterprise",
    "url": "https://fin.ai",
    "official_website": "https://fin.ai",
    "tags": []
  },
  {
    "id": "4661472b980a",
    "name": "fairface_age_image_detection",
    "description": "AI model fairface_age_image_detection from dima806 on Hugging Face Hub",
    "category": "ai-model",
    "pricing": "Not Specified",
    "url": "https://huggingface.co/dima806/fairface_age_image_detection",
    "official_website": "https://huggingface.co/dima806/fairface_age_image_detection",
    "tags": []
  },
  {
    "id": "47234f5b-e1e7-42fc-8197-c28b0f4a49e3",
    "name": "Fly.io",
    "description": "Global application platform",
    "category": "AI Development Platforms",
    "pricing": "Freemium",
    "url": "https://fly.io.com",
    "official_website": "https://fly.io.com",
    "tags": []
  },
  {
    "id": "48d46913d85c",
    "name": "Fairlearn",
    "description": "Specialized AI tool for ai ethics applications",
    "category": "AI Ethics",
    "pricing": "Open Source",
    "url": "https://fairlearn.com",
    "official_website": "https://fairlearn.com",
    "tags": []
  },
  {
    "id": "4c1b4b54-67cd-4249-8d26-955704c8c9fb",
    "name": "Facebook Content Library",
    "description": "Content analysis library",
    "category": "Content Moderation",
    "pricing": "Freemium",
    "url": "https://meta.com",
    "official_website": "https://meta.com",
    "tags": []
  },
  {
    "id": "4e8422e369d4",
    "name": "Face Analysis API",
    "description": "Offers advanced deep learning technology for automating face image processing.",
    "category": "Computer Vision, API Services",
    "pricing": "Freemium",
    "url": "https://face-analysis-api.com",
    "official_website": "https://face-analysis-api.com",
    "tags": []
  },
  {
    "id": "5017f85343f3",
    "name": "Foundation-Sec-8B-Instruct",
    "description": "AI model Foundation-Sec-8B-Instruct from fdtn-ai on Hugging Face Hub",
    "category": "ai-model",
    "pricing": "Not Specified",
    "url": "https://huggingface.co/fdtn-ai/Foundation-Sec-8B-Instruct",
    "official_website": "https://huggingface.co/fdtn-ai/Foundation-Sec-8B-Instruct",
    "tags": []
  },
  {
    "id": "53e572f671a1",
    "name": "FeedHive",
    "description": "Social media management platform with AI-powered content recycling, vast collection of management tools, and automated content optimization for multiple social platforms.",
    "category": "Productivity",
    "pricing": "Premium",
    "url": "https://feedhive.com",
    "official_website": "https://feedhive.com",
    "tags": [
      "ai-optimization",
      "multi-platform",
      "content-recycling",
      "automation-tools",
      "social-media-management"
    ]
  },
  {
    "id": "561af28190b5",
    "name": "FLAIR-IISc Intro to NLP Course",
    "description": "Course Repository - A graduate-level introduction to Natural Language Processing focusing on building computational systems for human languages",
    "category": "Natural Language Processing",
    "pricing": "Not Specified",
    "url": "https://github.com/FLAIR-IISc/Intro-to-NLP-Jan-2024",
    "official_website": "https://github.com/FLAIR-IISc/Intro-to-NLP-Jan-2024",
    "tags": [
      "Covers topics: text classification, discriminative classifiers, word representations, LMs, neural nets, attention, transformers",
      "Includes projects, assignments, exams, and comprehensive reading materials",
      "Three programming assignments involving text classification, word representations, language modeling",
      "Graduate-level introduction to NLP",
      "Daily applications of NLP systems (search engines, translation, etc.)",
      "Final group course project applying NLP knowledge to student-chosen applications"
    ]
  },
  {
    "id": "5902572c-7888-4793-833a-fb72a090f56f",
    "name": "fairface_age_image_detection",
    "description": "AI model fairface_age_image_detection from dima806 on Hugging Face Hub",
    "category": "ai-model",
    "pricing": "Unknown",
    "url": "https://huggingface.co/dima806/fairface_age_image_detection",
    "official_website": "https://huggingface.co/dima806/fairface_age_image_detection",
    "tags": []
  },
  {
    "id": "5d4bcbb6-afd9-47a6-8f45-2491cecc072a",
    "name": "FlyTest",
    "description": "Flytest is an AI-powered no-code test automation platform that transforms how teams approach software quality assurance. The tool enables users to create and run test scripts using plain English instead of code, making sophisticated testing accessible to everyone on the team regardless of technical background. At its core, Flytest leverages artificial intelligence to automatically adapt to changes in applications, proactively detect potential bugs before they reach production, and self-heal brok",
    "category": "General",
    "pricing": "Unknown",
    "url": "https://futuretools.link/flytest-ai",
    "official_website": "https://futuretools.link/flytest-ai",
    "tags": []
  },
  {
    "id": "5dffa25205b5",
    "name": "Free Access To 9000+ AI Tools Database",
    "description": "Largest AI tools database with well-categorized tools, short & detailed descriptions, pricing info, thus easy to search & filter",
    "category": "Knowledge base software, Advertising tools",
    "pricing": "Not Specified",
    "url": "https://free-access-to-ai-tools-database.com",
    "official_website": "https://free-access-to-ai-tools-database.com",
    "tags": []
  },
  {
    "id": "5ebfa87b3303",
    "name": "folk",
    "description": "Next generation CRM that's lightweight, customizable, and AI-powered",
    "category": "Sales/Crm",
    "pricing": "Unknown",
    "url": "https://folk.co",
    "official_website": "https://folk.co",
    "tags": []
  },
  {
    "id": "5ee142d5-88ed-45cd-901b-85483f53c937",
    "name": "Findr",
    "description": "Search all your apps, at once",
    "category": "AI Productivity",
    "pricing": "{\"model\":\"Varies\",\"details\":\"Pricing varies by tool\"}",
    "url": "https://www.producthunt.com/products/findr",
    "official_website": "https://www.producthunt.com/products/findr",
    "tags": []
  },
  {
    "id": "61517330-ce3d-4a09-b2b1-55d06bde4a5d",
    "name": "Fanpage Karma AI",
    "description": "AI social media analytics for Facebook",
    "category": "AI Social Media",
    "pricing": "{\"model\":\"Freemium\",\"details\":\"Free tier available with premium plans\"}",
    "url": "fanpagekarmaai",
    "official_website": "fanpagekarmaai",
    "tags": []
  },
  {
    "id": "6266591ccb9d",
    "name": "falcon-40b",
    "description": "\u2022",
    "category": "Model",
    "pricing": "Not Specified",
    "url": "https://huggingface.co/tiiuae/falcon-40b",
    "official_website": "https://huggingface.co/tiiuae/falcon-40b",
    "tags": []
  },
  {
    "id": "6366c648-a4a3-4756-9ac8-d074a1068020",
    "name": "FigJam AI",
    "description": "AI-powered brainstorming and planning",
    "category": "AI Productivity",
    "pricing": "{\"model\":\"Freemium\",\"details\":\"Free tier available with premium plans\"}",
    "url": "figjamai",
    "official_website": "figjamai",
    "tags": []
  },
  {
    "id": "6453c417f1e5",
    "name": "Figma AI",
    "description": "AI features in Figma design platform for layer naming and basic tasks.",
    "category": "Design",
    "pricing": "Freemium",
    "url": "https://www.figma.com/",
    "official_website": "https://www.figma.com/",
    "tags": [
      "design",
      "ui ux"
    ]
  },
  {
    "id": "6455fe67-3090-4869-af12-73b5598a3fd2",
    "name": "Fluents AI",
    "description": "Fluents is an AI-powered communication platform designed to automate business phone operations by managing both inbound and outbound calls without the need for traditional call centers. Using natural-sounding AI agents, it provides plug-and-play setup with features like smart call routing, live CRM synchronization, voicemail detection, custom voice profiles, AI lead scoring, and seamless real-time handoff to human agents when required. The system operates scriptlessly, ensuring smoother, more na",
    "category": "General",
    "pricing": "Unknown",
    "url": "https://futuretools.link/fluents-ai",
    "official_website": "https://futuretools.link/fluents-ai",
    "tags": []
  },
  {
    "id": "6af14c4e-ab38-4536-a5e2-b887b7295f7b",
    "name": "Fivetran",
    "description": "Automated data integration platform with 300+ pre-built connectors, zero-configuration setup, and intelligent schema selection. Handles complex data transformations and real-time monitoring.",
    "category": "Ai Analytics",
    "pricing": "Premium",
    "url": "https://fivetran.com/",
    "official_website": "https://fivetran.com/",
    "tags": []
  },
  {
    "id": "6b81dfd2f361",
    "name": "Ferdium",
    "description": "Desktop app that organizes multiple web services including LLM chats",
    "category": "Productivity",
    "pricing": "Unknown",
    "url": "https://ferdium.org",
    "official_website": "https://ferdium.org",
    "tags": []
  },
  {
    "id": "6bbaeed86eef",
    "name": "FullEnrich",
    "description": "Waterfall enrichment across 15+ data vendors for email and phone verification.",
    "category": "Data Enrichment",
    "pricing": "$29/month",
    "url": "https://fullenrich.com/",
    "official_website": "https://fullenrich.com/",
    "tags": [
      "enrichment",
      "verification"
    ]
  },
  {
    "id": "6ca3a853-503f-46dd-9b0f-76beb8206768",
    "name": "Frase",
    "description": "Boost content creation and SEO with AI-driven writing, analysis, and optimization.",
    "category": "Other",
    "pricing": "Paid",
    "url": "https://www.futurepedia.io/tool/frase",
    "official_website": "https://www.futurepedia.io/tool/frase",
    "tags": []
  },
  {
    "id": "6fbe2769-2fb2-4001-9745-119ff78e637b",
    "name": "Fables.gg",
    "description": "Create & Play AI RPGs",
    "category": "Gaming",
    "pricing": "Free + from $14.95/mo",
    "url": "https://fables.gg/",
    "official_website": "https://fables.gg/",
    "tags": []
  },
  {
    "id": "70038928-2d27-4c15-b6b8-8d35ff486295",
    "name": "FireEye AI",
    "description": "AI-powered threat intelligence",
    "category": "AI Security",
    "pricing": "{\"model\":\"Freemium\",\"details\":\"Free tier available with premium plans\"}",
    "url": "fireeyeai",
    "official_website": "fireeyeai",
    "tags": []
  },
  {
    "id": "706ca6353495",
    "name": "Fliki",
    "description": "Text-to-video platform with 2500+ ultra-realistic AI voices across 80+ languages. Trusted by 50,000+ companies with advanced voice cloning and multimedia conversion capabilities.",
    "category": "Video",
    "pricing": "Freemium",
    "url": "https://fliki.ai/",
    "official_website": "https://fliki.ai/",
    "tags": [
      "2500-voices",
      "enterprise",
      "text-to-video",
      "voice-cloning",
      "80-languages"
    ]
  },
  {
    "id": "7343dfff-4b86-4064-8b38-4c98d75c7caf",
    "name": "Fellow.ai",
    "description": "Record, transcribe and summarize every meeting with the only AI meeting assistant built with privacy and security in mind.",
    "category": "AI Productivity",
    "pricing": "{\"model\":\"Varies\",\"details\":\"Pricing varies by tool\"}",
    "url": "https://www.producthunt.com/products/fellow-ai",
    "official_website": "https://www.producthunt.com/products/fellow-ai",
    "tags": []
  },
  {
    "id": "7423368d-03a6-4484-a0f6-fbfc99be2c21",
    "name": "Fathom",
    "description": "Records, transcribes, and summarizes your meetings so you can focus on the conversation - #1 Rated AI Notetaker on G2",
    "category": "AI Productivity",
    "pricing": "{\"model\":\"Varies\",\"details\":\"Pricing varies by tool\"}",
    "url": "https://www.producthunt.com/products/fathom",
    "official_website": "https://www.producthunt.com/products/fathom",
    "tags": []
  },
  {
    "id": "7441dd15-d401-4b09-b6f0-202a75fc3d28",
    "name": "Fish-Networking",
    "description": "High performance networking for Unity",
    "category": "AI Development Platforms",
    "pricing": "Freemium",
    "url": "https://fish-networking.com",
    "official_website": "https://fish-networking.com",
    "tags": []
  },
  {
    "id": "7692478d-10b2-45f8-8a98-5ed4f6cd1ec1",
    "name": "Flowcart AI",
    "description": "Flowcart is an AI-driven conversational commerce and CRM platform built for WhatsApp that helps businesses manage the complete customer lifecycle\u2014from acquisition to checkout to retention\u2014directly through chat.",
    "category": "Business",
    "pricing": "paid",
    "url": "https://openfuture.ai/go/flowcart-ai",
    "official_website": "https://openfuture.ai/go/flowcart-ai",
    "tags": []
  },
  {
    "id": "76d70b02-228b-4d6b-8f90-289f6e33e927",
    "name": "Fliki AI",
    "description": "AI video creation platform combining text-to-speech with video generation. Features 2000+ voices in 80+ languages, HD video creation, stock media library, and team collaboration tools for content creators.",
    "category": "AI Voice",
    "pricing": "Free",
    "url": "https://fliki.ai/",
    "official_website": "https://fliki.ai/",
    "tags": []
  },
  {
    "id": "787a45d7-52ee-4eb8-adbc-e343a25dbcdf",
    "name": "Figshare",
    "description": "Academic publishing and research data platform for scholarly communication",
    "category": "Research Infrastructure",
    "pricing": "Free",
    "url": "https://www.figshare.org",
    "official_website": "https://www.figshare.org",
    "tags": []
  },
  {
    "id": "7aee10cf-6350-4dfa-b650-a1dd99607ddc",
    "name": "Firefly",
    "description": "AI-powered image generation solution",
    "category": "AI Image Generation",
    "pricing": "{\"model\":\"Varies\",\"details\":\"Pricing varies by tier and usage\"}",
    "url": "https://www.firefly.com",
    "official_website": "https://www.firefly.com",
    "tags": []
  },
  {
    "id": "7b0e41c3-e67e-420b-8b0b-4c742e0ebfad",
    "name": "FullStory",
    "description": "Advanced digital experience analytics platform that records, analyzes, and visualizes user interactions on websites and mobile applications. Provides actionable insights into user behavior and engagement with over 40 tool integrations.",
    "category": "Website",
    "pricing": "Premium",
    "url": "https://www.fullstory.com/",
    "official_website": "https://www.fullstory.com/",
    "tags": []
  },
  {
    "id": "7b68fbc1-8e70-49c4-aebe-dddf0e359928",
    "name": "Fy! Studio",
    "description": "Unlock AI-driven visual creation: simple, versatile, and highly customizable.",
    "category": "Image Generators",
    "pricing": "Unknown",
    "url": "https://www.iamfy.co/studio",
    "official_website": "https://www.iamfy.co/studio",
    "tags": []
  },
  {
    "id": "7f52b3006897",
    "name": "Findr",
    "description": "Search all your apps, at once",
    "category": "Productivity, SaaS, Artificial Intelligence",
    "pricing": "Not Specified",
    "url": "https://findr.ai",
    "official_website": "https://findr.ai",
    "tags": []
  },
  {
    "id": "819aab92-9546-41a4-b77f-4eb2c331309c",
    "name": "FauxPilot",
    "description": "Open-source local GitHub Copilot alternative that provides code completions using offline models for privacy-conscious developers.",
    "category": "AI Code Assistant",
    "pricing": "Free",
    "url": "https://github.com/fauxpilot/fauxpilot",
    "official_website": "https://github.com/fauxpilot/fauxpilot",
    "tags": []
  },
  {
    "id": "83a5ed9726fc",
    "name": "financial-summarization-pegasus",
    "description": "AI model financial-summarization-pegasus from human-centered-summarization on Hugging Face Hub",
    "category": "ai-model",
    "pricing": "Not Specified",
    "url": "https://huggingface.co/human-centered-summarization/financial-summarization-pegasus",
    "official_website": "https://huggingface.co/human-centered-summarization/financial-summarization-pegasus",
    "tags": []
  },
  {
    "id": "87674acb-34a5-43f8-a268-4aff25a915e7",
    "name": "Fish Audio",
    "description": "No description available.",
    "category": "General",
    "pricing": "Unknown",
    "url": "https://futuretools.link/fish-audio",
    "official_website": "https://futuretools.link/fish-audio",
    "tags": []
  },
  {
    "id": "89b26cfdf0e8",
    "name": "freebeat.ai",
    "description": "Transform music into viral 3D dance videos with AI.",
    "category": "Video",
    "pricing": "Not Specified",
    "url": "https://saasaitools.com/freebeat",
    "official_website": "https://saasaitools.com/freebeat",
    "tags": [
      "music",
      "video"
    ]
  },
  {
    "id": "8c746fb1ded8",
    "name": "ForestFlow/ForestFlow",
    "description": "Cloud-native machine learning model server",
    "category": "General",
    "pricing": "Unknown",
    "url": "https://github.com/ForestFlow/ForestFlow",
    "official_website": "https://github.com/ForestFlow/ForestFlow",
    "tags": []
  },
  {
    "id": "8e875ac4-62bd-4728-a5dd-79f4d94d7f1d",
    "name": "Freshchat",
    "description": "AI-enhanced live chat platform",
    "category": "AI Customer Support",
    "pricing": "{\"model\":\"Freemium\",\"details\":\"Free tier available with premium plans\"}",
    "url": "freshchat",
    "official_website": "freshchat",
    "tags": []
  },
  {
    "id": "8e9b9dd735bc",
    "name": "Fronty",
    "description": "AI tool for converting designs to code helping with graphic design needs. Transforms visual designs into functional web code reducing development time and bridging design-to-code gap.",
    "category": "Design",
    "pricing": "Premium",
    "url": "https://fronty.com/",
    "official_website": "https://fronty.com/",
    "tags": [
      "functionality",
      "graphic design",
      "development time",
      "design-to-code",
      "design to code",
      "code conversion"
    ]
  },
  {
    "id": "90dfde0c4fd6",
    "name": "Fal",
    "description": "Known for very fast implementations of image models.",
    "category": "Image Models, AI Infrastructure Tools",
    "pricing": "Not Specified",
    "url": "https://fal.ai",
    "official_website": "https://fal.ai",
    "tags": []
  },
  {
    "id": "927611071377",
    "name": "Fellow",
    "description": "Automates meeting notes, insights, and follow-ups seamlessly.",
    "category": "Personal Assistant, Email Assistant",
    "pricing": "Freemium",
    "url": "https://fellow.app/",
    "official_website": "https://fellow.app/",
    "tags": []
  },
  {
    "id": "94c541e0-ad43-466b-9549-fc7763079f4b",
    "name": "FastVLM-1.5B",
    "description": "AI model FastVLM-1.5B from apple on Hugging Face Hub",
    "category": "ai-model",
    "pricing": "Unknown",
    "url": "https://huggingface.co/apple/FastVLM-1.5B",
    "official_website": "https://huggingface.co/apple/FastVLM-1.5B",
    "tags": []
  },
  {
    "id": "95ca16ca3dfb",
    "name": "Fellow",
    "description": "AI-powered meeting management platform with comprehensive templates, agenda creation, action item tracking, copilot assistance, strong security posture, and extensive integration capabilities.",
    "category": "Productivity",
    "pricing": "Freemium",
    "url": "https://fellow.app",
    "official_website": "https://fellow.app",
    "tags": [
      "security",
      "meeting-management",
      "team-collaboration",
      "templates",
      "agenda"
    ]
  },
  {
    "id": "96420781146e",
    "name": "flyteorg/flyte",
    "description": "Cloud Native Machine Learning and Data Processing Platform",
    "category": "General",
    "pricing": "Unknown",
    "url": "https://github.com/flyteorg/flyte",
    "official_website": "https://github.com/flyteorg/flyte",
    "tags": []
  },
  {
    "id": "973d5a43-cc53-4a72-b634-812e9489f713",
    "name": "Fronty",
    "description": "AI tool for converting designs to code helping with graphic design needs. Transforms visual designs into functional web code reducing development time and bridging design-to-code gap.",
    "category": "AI Design",
    "pricing": "Premium",
    "url": "https://fronty.com/",
    "official_website": "https://fronty.com/",
    "tags": []
  },
  {
    "id": "97bb2f48-0cab-4a22-aba8-9898cd4d38e4",
    "name": "Framer AI",
    "description": "No-code AI website builder that creates responsive websites from simple prompts. Features built-in AI translation, wireframing, and custom AI plugin development capabilities.",
    "category": "AI Design",
    "pricing": "Free",
    "url": "https://www.framer.com/ai/",
    "official_website": "https://www.framer.com/ai/",
    "tags": []
  },
  {
    "id": "982d8488-b32a-4973-aba8-8ee0df59816c",
    "name": "Fireworks AI",
    "description": "Provides access to a wide variety of models, including both LLMs and image generation models.",
    "category": "AI Productivity",
    "pricing": "{\"model\":\"Varies\",\"details\":\"Pricing varies by tool\"}",
    "url": "https://www.producthunt.com/products/fireworks-ai",
    "official_website": "https://www.producthunt.com/products/fireworks-ai",
    "tags": []
  },
  {
    "id": "9bd0f69a5049",
    "name": "Figstack",
    "description": "AI tool for code explanation, translation between languages, automated documentation generation, and performance analysis with Big O notation.",
    "category": "Productivity",
    "pricing": "Freemium",
    "url": "https://figstack.com/",
    "official_website": "https://figstack.com/",
    "tags": [
      "code-explanation",
      "documentation",
      "performance-analysis",
      "big-o",
      "language-translation",
      "complexity-analysis"
    ]
  },
  {
    "id": "9c58fa53-1e0c-49bc-9034-49ab2da17b01",
    "name": "Freepik AI Video Generator",
    "description": "AI-powered tool for AI Video Generation that helps users streamline workflows and enhance productivity.",
    "category": "AI Video Generation",
    "pricing": "Freemium",
    "url": "https://topai.tools/t/freepik-ai-video-generator",
    "official_website": "https://topai.tools/t/freepik-ai-video-generator",
    "tags": []
  },
  {
    "id": "9d7e4ef1c8df",
    "name": "FastVLM-0.5B",
    "description": "AI model FastVLM-0.5B from apple on Hugging Face Hub",
    "category": "ai-model",
    "pricing": "Not Specified",
    "url": "https://huggingface.co/apple/FastVLM-0.5B",
    "official_website": "https://huggingface.co/apple/FastVLM-0.5B",
    "tags": []
  },
  {
    "id": "9d8036726ab0",
    "name": "Fireflies.ai",
    "description": "AI meeting assistant that records, transcribes, and summarizes meetings across platforms like Zoom, Google Meet, and Teams. Features conversation analytics, topic tracking, and CRM integrations.",
    "category": "Productivity",
    "pricing": "Freemium",
    "url": "https://fireflies.ai",
    "official_website": "https://fireflies.ai",
    "tags": [
      "meeting-assistant",
      "analytics",
      "summarization",
      "crm-integration",
      "transcription"
    ]
  },
  {
    "id": "9d89287d826a",
    "name": "Fathom",
    "description": "Free AI meeting assistant offering unlimited transcription and core features for individuals, with team plans including meeting statistics, keyword alerts, and CRM automation capabilities.",
    "category": "Productivity",
    "pricing": "Freemium",
    "url": "https://fathom.video",
    "official_website": "https://fathom.video",
    "tags": [
      "free",
      "meeting-transcription",
      "summarization",
      "clips",
      "sharing"
    ]
  },
  {
    "id": "9f465352d810",
    "name": "flashlight/flashlight",
    "description": "A fast, flexible machine learning library written entirely in C++",
    "category": "General",
    "pricing": "Unknown",
    "url": "https://github.com/flashlight/flashlight",
    "official_website": "https://github.com/flashlight/flashlight",
    "tags": []
  },
  {
    "id": "a0c433cfe45d",
    "name": "FastVLM-1.5B",
    "description": "AI model FastVLM-1.5B from apple on Hugging Face Hub",
    "category": "ai-model",
    "pricing": "Not Specified",
    "url": "https://huggingface.co/apple/FastVLM-1.5B",
    "official_website": "https://huggingface.co/apple/FastVLM-1.5B",
    "tags": []
  },
  {
    "id": "a18f1c417de5",
    "name": "FutureLearn",
    "description": "Online learning platform for academic education and skill development",
    "category": "Educational Platform",
    "pricing": "Free/Commercial",
    "url": "https://futurelearn.com",
    "official_website": "https://futurelearn.com",
    "tags": []
  },
  {
    "id": "a378494e-ba09-4de1-838c-604a071c6041",
    "name": "Figma AI",
    "description": "UI/UX design AI assistance",
    "category": "Creative AI Tools",
    "pricing": "Freemium",
    "url": "https://figma.com",
    "official_website": "https://figma.com",
    "tags": []
  },
  {
    "id": "a3da9f2b-3f2e-425e-ac21-ad3f8c2bfeb8",
    "name": "Figma AI",
    "description": "AI-enhanced design collaboration",
    "category": "AI Productivity",
    "pricing": "{\"model\":\"Freemium\",\"details\":\"Free tier available with premium plans\"}",
    "url": "figmaai",
    "official_website": "figmaai",
    "tags": []
  },
  {
    "id": "a46f9ff8-dc0d-446d-b25a-1b872079e174",
    "name": "Fiddler AI",
    "description": "AI model monitoring",
    "category": "Specialized AI Services",
    "pricing": "Freemium",
    "url": "https://fiddler.com",
    "official_website": "https://fiddler.com",
    "tags": []
  },
  {
    "id": "a51814c1-14be-40d6-8916-437036cd6dff",
    "name": "Freshworks AI",
    "description": "AI-enhanced customer engagement",
    "category": "AI Business & Finance",
    "pricing": "{\"model\":\"Freemium\",\"details\":\"Free tier available with premium plans\"}",
    "url": "freshworksai",
    "official_website": "freshworksai",
    "tags": []
  },
  {
    "id": "a55330e9-6c55-46a2-a77e-6ee5654bc85e",
    "name": "Frase",
    "description": "The future of search is about answers, not links. Conversations, not rigid keywords. Frase transforms how you deliver answers with your content.",
    "category": "AI Productivity",
    "pricing": "{\"model\":\"Varies\",\"details\":\"Pricing varies by tool\"}",
    "url": "https://www.producthunt.com/products/frase",
    "official_website": "https://www.producthunt.com/products/frase",
    "tags": []
  },
  {
    "id": "a74e06b6-c3e0-4fba-884d-2107c02a166c",
    "name": "Fast Q&A",
    "description": "FastQnA is an AI-powered question and answer platform that instantly responds to queries in real time directly on your website. The tool leverages advanced natural language processing to understand visitor questions and provide accurate answers without human intervention making it perfect for businesses looking to enhance customer support reduce response times and operate 24/7. FastQnA can be easily embedded into any website allowing companies to offload repetitive inquiries automate knowledge s",
    "category": "General",
    "pricing": "Unknown",
    "url": "https://futuretools.link/fastqna-app",
    "official_website": "https://futuretools.link/fastqna-app",
    "tags": []
  },
  {
    "id": "a84020e4-e9ac-4b39-b208-840228425a4b",
    "name": "Fliki",
    "description": "AI-powered video and media solution",
    "category": "AI Video & Media",
    "pricing": "{\"model\":\"Varies\",\"details\":\"Pricing varies by tier and usage\"}",
    "url": "https://www.fliki.com",
    "official_website": "https://www.fliki.com",
    "tags": []
  },
  {
    "id": "a8d7b035-adce-4c71-b428-c49b2f708598",
    "name": "Fast.ai",
    "description": "Deep learning library",
    "category": "AI Development Platforms",
    "pricing": "Freemium",
    "url": "https://fast.ai.com",
    "official_website": "https://fast.ai.com",
    "tags": []
  },
  {
    "id": "abf84ea0-5dc0-42e9-a997-6091e1ec28a7",
    "name": "FreshBooks AI",
    "description": "AI-powered accounting for freelancers",
    "category": "AI Business & Finance",
    "pricing": "{\"model\":\"Freemium\",\"details\":\"Free tier available with premium plans\"}",
    "url": "freshbooksai",
    "official_website": "freshbooksai",
    "tags": []
  },
  {
    "id": "ac7ab03c60a5",
    "name": "FRED-T5-Summarizer",
    "description": "AI model FRED-T5-Summarizer from RussianNLP on Hugging Face Hub",
    "category": "ai-model",
    "pricing": "Not Specified",
    "url": "https://huggingface.co/RussianNLP/FRED-T5-Summarizer",
    "official_website": "https://huggingface.co/RussianNLP/FRED-T5-Summarizer",
    "tags": []
  },
  {
    "id": "af0ded454aff",
    "name": "FLAML",
    "description": "Lightweight Python library for efficient automation of machine learning and AI operations. Automates workflow based on large language models, machine learning models.",
    "category": "AutoML",
    "pricing": "Not Specified",
    "url": "https://microsoft.github.io/FLAML/",
    "official_website": "https://microsoft.github.io/FLAML/",
    "tags": [
      "AutoML and hyperparameter tuning with Python 3.11 support",
      "Comprehensive MLflow integration",
      "Scikit-learn style AutoML estimator (`AutoML.fit`)",
      "Generic hyperparameter tuning for custom functions (`tune.run`)",
      "Multi-agent conversation framework with `autogen` package",
      "Zero-shot AutoML for automatic hyperparameter configuration"
    ]
  },
  {
    "id": "afa0a488-07a0-4cc7-bbdd-913cb2a0b4c5",
    "name": "finbert-tone",
    "description": "AI model finbert-tone from yiyanghkust on Hugging Face Hub",
    "category": "ai-model",
    "pricing": "Unknown",
    "url": "https://huggingface.co/yiyanghkust/finbert-tone",
    "official_website": "https://huggingface.co/yiyanghkust/finbert-tone",
    "tags": []
  },
  {
    "id": "b089a8d6-6b8c-45cb-ae89-fdc71642b29e",
    "name": "FutureLearn",
    "description": "Online learning platform for academic education and skill development",
    "category": "Educational Platform",
    "pricing": "Free/Commercial",
    "url": "https://futurelearn.com",
    "official_website": "https://futurelearn.com",
    "tags": []
  },
  {
    "id": "b1e3f406-f84f-46ac-8d1a-d451914608d5",
    "name": "Fastly",
    "description": "Edge cloud platform",
    "category": "AI Development Platforms",
    "pricing": "Freemium",
    "url": "https://fastly.com",
    "official_website": "https://fastly.com",
    "tags": []
  },
  {
    "id": "b2ed2d9d6b97",
    "name": "FlagOpen/FlagGems",
    "description": "High-performance general operator library implemented in OpenAI Triton",
    "category": "General",
    "pricing": "Unknown",
    "url": "https://github.com/FlagOpen/FlagGems",
    "official_website": "https://github.com/FlagOpen/FlagGems",
    "tags": []
  },
  {
    "id": "b701002e-dcd6-4d2d-8d49-762e72f2a765",
    "name": "Framer AI",
    "description": "AI website and app builder",
    "category": "AI Development & Coding",
    "pricing": "{\"model\":\"Freemium\",\"details\":\"Free tier available with premium plans\"}",
    "url": "framerai",
    "official_website": "framerai",
    "tags": []
  },
  {
    "id": "b86e9527-4a9c-490e-8c77-0da0f3920b95",
    "name": "FedEx AI",
    "description": "Logistics optimization AI",
    "category": "Specialized AI Services",
    "pricing": "Freemium",
    "url": "https://fedex.com",
    "official_website": "https://fedex.com",
    "tags": []
  },
  {
    "id": "b8f5f0a4d5df",
    "name": "FastChat",
    "description": "An open platform for training, serving, and evaluating large language models. Release repo for Vicuna and Chatbot Arena.",
    "category": "LLM Frameworks",
    "pricing": "Not Specified",
    "url": "https://lmarena.ai/",
    "official_website": "https://lmarena.ai/",
    "tags": [
      "Distributed multi-model serving system with web UI",
      "Chatbot Arena (side-by-side battle UI) for local testing",
      "Supports wide array of models including LLaMa, Vicuna, Alpaca, ChatGLM",
      "Training and evaluation code for state-of-the-art models (Vicuna, MT-Bench)",
      "Memory optimization: 8-bit compression, CPU offloading, ExLlama V2, GPTQ, AWQ",
      "Fine-tuning capabilities for LLaMa base models",
      "MT-bench evaluation framework for multi-turn question sets",
      "Open platform for training, serving, and evaluating LLM-based chatbots",
      "OpenAI-compatible RESTful APIs and SDK",
      "Web GUI components: controller, model workers, Gradio web server",
      "Powers Chatbot Arena serving over 10 million chat requests"
    ]
  },
  {
    "id": "bb2f4055-cd0e-4f21-8ce5-08ddd658dbf2",
    "name": "FastChat",
    "description": "An open platform for training, serving, and evaluating large language models. Release repo for Vicuna and Chatbot Arena.",
    "category": "LLM Frameworks",
    "pricing": "Unknown",
    "url": "https://lmarena.ai/",
    "official_website": "https://lmarena.ai/",
    "tags": []
  },
  {
    "id": "be827167455b",
    "name": "FauxPilot",
    "description": "Open-source local GitHub Copilot alternative that provides code completions using offline models for privacy-conscious developers.",
    "category": "Coding",
    "pricing": "Free",
    "url": "https://github.com/fauxpilot/fauxpilot",
    "official_website": "https://github.com/fauxpilot/fauxpilot",
    "tags": [
      "code-completions",
      "copilot-alternative",
      "local-models",
      "privacy-conscious",
      "offline",
      "open-source"
    ]
  },
  {
    "id": "bebdf570554c",
    "name": "Fontjoy",
    "description": "AI-powered tool that assists designers in finding balanced font pairings. Suggests typeface combinations based on contrast, similarity, or user preference with adjustable contrast and font replacement features.",
    "category": "Design",
    "pricing": "Free",
    "url": "https://fontjoy.com/",
    "official_website": "https://fontjoy.com/",
    "tags": [
      "font pairing",
      "typeface combinations",
      "font replacement",
      "contrast",
      "ui typography",
      "similarity"
    ]
  },
  {
    "id": "c0db9875-d6d3-481c-898d-2b76eee533c1",
    "name": "FLUX.1-Kontext-dev",
    "description": "\u2022",
    "category": "Model",
    "pricing": "Unknown",
    "url": "https://huggingface.co/black-forest-labs/FLUX.1-Kontext-dev",
    "official_website": "https://huggingface.co/black-forest-labs/FLUX.1-Kontext-dev",
    "tags": []
  },
  {
    "id": "c36bb8a2-56dd-49c9-9475-a94aecd01a88",
    "name": "FLAIR-IISc Intro to NLP Course",
    "description": "Course Repository - A graduate-level introduction to Natural Language Processing focusing on building computational systems for human languages",
    "category": "Natural Language Processing",
    "pricing": "Unknown",
    "url": "https://github.com/FLAIR-IISc/Intro-to-NLP-Jan-2024",
    "official_website": "https://github.com/FLAIR-IISc/Intro-to-NLP-Jan-2024",
    "tags": []
  },
  {
    "id": "c6ddcb9b-809a-44aa-a2c6-0db13a26a872",
    "name": "Fathom",
    "description": "Free AI meeting assistant offering unlimited transcription and core features for individuals, with team plans including meeting statistics, keyword alerts, and CRM automation capabilities.",
    "category": "AI Productivity",
    "pricing": "Free",
    "url": "https://fathom.video",
    "official_website": "https://fathom.video",
    "tags": []
  },
  {
    "id": "c6f5f1c8-5b8f-4d7a-8b4b-dcc1e7649a47",
    "name": "finbert",
    "description": "AI model finbert from ProsusAI on Hugging Face Hub",
    "category": "ai-model",
    "pricing": "Unknown",
    "url": "https://huggingface.co/ProsusAI/finbert",
    "official_website": "https://huggingface.co/ProsusAI/finbert",
    "tags": []
  },
  {
    "id": "ca42ada3-7cdf-419f-8dcd-7365caeabcc2",
    "name": "Fliki AI",
    "description": "AI video creation from text with natural voices",
    "category": "AI Video Creation",
    "pricing": "Freemium",
    "url": "https://fliki.ai",
    "official_website": "https://fliki.ai",
    "tags": []
  },
  {
    "id": "cacee121c97a",
    "name": "Fireworks AI",
    "description": "Provides access to a wide variety of models, including both LLMs and image generation models.",
    "category": "LLM Platforms, Image Generation Models, AI Infrastructure Tools",
    "pricing": "Not Specified",
    "url": "https://fireworks.ai",
    "official_website": "https://fireworks.ai",
    "tags": []
  },
  {
    "id": "caf46dd1-479d-4c4b-bd90-0dfeed79cbf6",
    "name": "Filmpitch",
    "description": "Turn movie synopses into fully-fledged film concepts.",
    "category": "Film Ideas",
    "pricing": "Free + from $6.99/mo",
    "url": "https://filmpitch.ai/",
    "official_website": "https://filmpitch.ai/",
    "tags": []
  },
  {
    "id": "cbdeae72-d1d5-4bec-9fa2-bddfe23d2fcd",
    "name": "Frase",
    "description": "AI content research and writing assistant",
    "category": "AI Writing & Content",
    "pricing": "{\"model\":\"Freemium\",\"details\":\"Free tier available with premium plans\"}",
    "url": "frase",
    "official_website": "frase",
    "tags": []
  },
  {
    "id": "cc9d477d-d77a-4c29-88b8-d128979e64c0",
    "name": "Fireflies.ai",
    "description": "Record, transcribe and search your calls in one central place. Fireflies lets you search all your past convos and create action items in seconds.",
    "category": "AI Productivity",
    "pricing": "{\"model\":\"Varies\",\"details\":\"Pricing varies by tool\"}",
    "url": "https://www.producthunt.com/products/fireflies-ai",
    "official_website": "https://www.producthunt.com/products/fireflies-ai",
    "tags": []
  },
  {
    "id": "ccffe124-3959-4982-bb9b-4231a90b863c",
    "name": "Farming Revolution",
    "description": "Vertical farming AI",
    "category": "Specialized AI Services",
    "pricing": "Freemium",
    "url": "https://farmingrevolution.com",
    "official_website": "https://farmingrevolution.com",
    "tags": []
  },
  {
    "id": "cf8e773e5281",
    "name": "FLUX.1-Kontext-dev",
    "description": "\u2022",
    "category": "Model",
    "pricing": "Not Specified",
    "url": "https://huggingface.co/black-forest-labs/FLUX.1-Kontext-dev",
    "official_website": "https://huggingface.co/black-forest-labs/FLUX.1-Kontext-dev",
    "tags": []
  },
  {
    "id": "d0142f5e-ff6b-40ca-873a-58d549c13535",
    "name": "Figma AI",
    "description": "Figma AI is an advanced AI-powered tool designed to enhance productivity and streamline workflows. It offers cutting-edge features and capabilities to help users achieve better results faster.",
    "category": "AI Image Generation",
    "pricing": "Premium",
    "url": "https://futuretools.link/figma-ai",
    "official_website": "https://futuretools.link/figma-ai",
    "tags": []
  },
  {
    "id": "d057780e-9486-4e12-9df0-6256fc6e4267",
    "name": "Followerwonk AI",
    "description": "AI Twitter analytics and tools",
    "category": "AI Social Media",
    "pricing": "{\"model\":\"Freemium\",\"details\":\"Free tier available with premium plans\"}",
    "url": "followerwonkai",
    "official_website": "followerwonkai",
    "tags": []
  },
  {
    "id": "d0f44035faaa",
    "name": "Florence 2",
    "description": "Answer questions about images using text prompts and advanced AI.",
    "category": "Computer Vision",
    "pricing": "Free",
    "url": "https://huggingface.co/spaces/HuggingFaceM4/Docmatix-Florence-2",
    "official_website": "https://huggingface.co/spaces/HuggingFaceM4/Docmatix-Florence-2",
    "tags": [
      "qa",
      "vision"
    ]
  },
  {
    "id": "d2600738-df2e-434c-9138-8f6cca78001b",
    "name": "Farmers Edge AI",
    "description": "Precision agriculture platform",
    "category": "Specialized AI Services",
    "pricing": "Freemium",
    "url": "https://farmersedge.com",
    "official_website": "https://farmersedge.com",
    "tags": []
  },
  {
    "id": "d2f52a83fe3f",
    "name": "futuretools.io/tools/producthunt",
    "description": "Platform where people can discover and share the latest new products, apps, and tech gadgets",
    "category": "Platforms",
    "pricing": "Not Specified",
    "url": "https://futuretools.io",
    "official_website": "https://futuretools.io",
    "tags": []
  },
  {
    "id": "d35f49f2-25e5-4066-9335-6fddb37bcc1b",
    "name": "Flask",
    "description": "AI design tool",
    "category": "AI Productivity",
    "pricing": "{\"model\":\"Varies\",\"details\":\"Pricing varies by tool\"}",
    "url": "https://www.producthunt.com/products/flask-6",
    "official_website": "https://www.producthunt.com/products/flask-6",
    "tags": []
  },
  {
    "id": "d5510193-9112-441d-8401-26990539e597",
    "name": "Fujitsu AI",
    "description": "Enterprise AI",
    "category": "Specialized AI Services",
    "pricing": "Freemium",
    "url": "https://fujitsu.com",
    "official_website": "https://fujitsu.com",
    "tags": []
  },
  {
    "id": "d6226c9bea0a",
    "name": "finbert",
    "description": "AI model finbert from ProsusAI on Hugging Face Hub",
    "category": "ai-model",
    "pricing": "Not Specified",
    "url": "https://huggingface.co/ProsusAI/finbert",
    "official_website": "https://huggingface.co/ProsusAI/finbert",
    "tags": []
  },
  {
    "id": "d7108d12d96a",
    "name": "fullstop-punctuation-multilang-large",
    "description": "AI model fullstop-punctuation-multilang-large from oliverguhr on Hugging Face Hub",
    "category": "ai-model",
    "pricing": "Not Specified",
    "url": "https://huggingface.co/oliverguhr/fullstop-punctuation-multilang-large",
    "official_website": "https://huggingface.co/oliverguhr/fullstop-punctuation-multilang-large",
    "tags": []
  },
  {
    "id": "d890ef2a-0f46-418a-a01b-cf30d9c9240f",
    "name": "Financial Engines Advisor",
    "description": "Retirement planning AI",
    "category": "Specialized AI Services",
    "pricing": "Freemium",
    "url": "https://financialengines.com",
    "official_website": "https://financialengines.com",
    "tags": []
  },
  {
    "id": "d95a0613-3ecd-4f15-a5aa-95e750c29ccb",
    "name": "Form3D",
    "description": "Form3D is an AI-powered extension for SketchUp designed to help interior designers and architects instantly bring real-world furniture into their projects. Instead of spending hours manually modeling products, users can simply copy and paste a product link from any online furniture store into the extension. Form3D then transforms the visuals into accurate, detailed 3D models within seconds, ready to be dropped directly into SketchUp. This approach saves time, reduces costs, and ensures that desi",
    "category": "General",
    "pricing": "Unknown",
    "url": "https://futuretools.link/form3d-io",
    "official_website": "https://futuretools.link/form3d-io",
    "tags": []
  },
  {
    "id": "da3dad55-e1c6-45a0-9b51-a422c1139477",
    "name": "Freepik AI Suite",
    "description": "Comprehensive collection of AI tools for various creative needs offering one-stop solution. Features AI Image Generator, AI Video Generator, AI Image Upscaler, AI Voice Generator, and AI Background Remover for streamlined creative production.",
    "category": "AI Design",
    "pricing": "Free",
    "url": "https://www.freepik.com/",
    "official_website": "https://www.freepik.com/",
    "tags": []
  },
  {
    "id": "da967bf7-907e-4b4e-acb9-3ff08f3ff93e",
    "name": "FloydHub",
    "description": "Cloud platform for ML",
    "category": "AI Development Platforms",
    "pricing": "Freemium",
    "url": "https://floydhub.com",
    "official_website": "https://floydhub.com",
    "tags": []
  },
  {
    "id": "e25294a7-1e7c-44e3-8b0f-5176a0b4d042",
    "name": "Faiss",
    "description": "Similarity search library",
    "category": "Search & Recommendations",
    "pricing": "Freemium",
    "url": "https://meta.com",
    "official_website": "https://meta.com",
    "tags": []
  },
  {
    "id": "e3da6704-b55a-40b8-96bc-4691eedd57ac",
    "name": "Figstack",
    "description": "AI code analysis and documentation",
    "category": "AI Development & Coding",
    "pricing": "{\"model\":\"Freemium\",\"details\":\"Free tier available with premium plans\"}",
    "url": "figstack",
    "official_website": "figstack",
    "tags": []
  },
  {
    "id": "e49dc3df-e541-4aa4-aa4e-50a948f77252",
    "name": "FLAML",
    "description": "Lightweight Python library for efficient automation of machine learning and AI operations. Automates workflow based on large language models, machine learning models.",
    "category": "AutoML",
    "pricing": "Unknown",
    "url": "https://microsoft.github.io/FLAML/",
    "official_website": "https://microsoft.github.io/FLAML/",
    "tags": []
  },
  {
    "id": "e757d242760c",
    "name": "finbert-tone",
    "description": "AI model finbert-tone from yiyanghkust on Hugging Face Hub",
    "category": "ai-model",
    "pricing": "Not Specified",
    "url": "https://huggingface.co/yiyanghkust/finbert-tone",
    "official_website": "https://huggingface.co/yiyanghkust/finbert-tone",
    "tags": []
  },
  {
    "id": "ececbfd8-185d-4a69-8489-04fb379ce2ec",
    "name": "Fontjoy",
    "description": "AI-powered tool that assists designers in finding balanced font pairings. Suggests typeface combinations based on contrast, similarity, or user preference with adjustable contrast and font replacement features.",
    "category": "AI Design",
    "pricing": "Free",
    "url": "https://fontjoy.com/",
    "official_website": "https://fontjoy.com/",
    "tags": []
  },
  {
    "id": "ed208861-4ee2-48e8-b10a-c8ac22adc4f7",
    "name": "Figstack",
    "description": "AI tool for code explanation, translation between languages, automated documentation generation, and performance analysis with Big O notation.",
    "category": "AI Productivity",
    "pricing": "Free",
    "url": "https://figstack.com/",
    "official_website": "https://figstack.com/",
    "tags": []
  },
  {
    "id": "f0017888-4cdf-410e-9065-c68c89763af7",
    "name": "FrameZero",
    "description": "FrameZero is a browser-based animation tool that enables users to sketch, animate, and share ideas quickly without the need for sign-up. It is designed for brainstorming, creating mental maps, and turning simple sketches into engaging animations within minutes. The platform offers a whiteboard editor for freeform drawing and a full timeline feature that allows precise control of timing, as well as entry and exit transitions for elements. Users can also enrich their animations with syntax highlig",
    "category": "General",
    "pricing": "Unknown",
    "url": "https://futuretools.link/framezero-app",
    "official_website": "https://futuretools.link/framezero-app",
    "tags": []
  },
  {
    "id": "f0eec6b2932c",
    "name": "feast-dev/feast",
    "description": "Feast: An open-source Feature Store for Machine Learning",
    "category": "General",
    "pricing": "Unknown",
    "url": "https://github.com/feast-dev/feast",
    "official_website": "https://github.com/feast-dev/feast",
    "tags": []
  },
  {
    "id": "f1d93c53-3d95-4130-876a-b41aed102d8b",
    "name": "Fliki AI",
    "description": "Fliki turns text into videos with realistic AI voices, on-screen avatars, and branded subtitles. It uses 2,500+ voices, 70+ AI avatars, and a 10M+ media library to automate narration, visuals, and captions",
    "category": "Generative Video",
    "pricing": "Unknown",
    "url": "https://link.aitoolsdirectory.com/fliki",
    "official_website": "https://link.aitoolsdirectory.com/fliki",
    "tags": []
  },
  {
    "id": "f1e44cb93d5a",
    "name": "Freepik AI Suite",
    "description": "Comprehensive collection of AI tools for various creative needs offering one-stop solution. Features AI Image Generator, AI Video Generator, AI Image Upscaler, AI Voice Generator, and AI Background Remover for streamlined creative production.",
    "category": "Design",
    "pricing": "Freemium",
    "url": "https://www.freepik.com/",
    "official_website": "https://www.freepik.com/",
    "tags": [
      "creative tools",
      "video generator",
      "upscaler",
      "image generator",
      "voice generator",
      "ai suite"
    ]
  },
  {
    "id": "f27027dd50f6",
    "name": "Fliki AI",
    "description": "AI video creation platform combining text-to-speech with video generation. Features 2000+ voices in 80+ languages, HD video creation, stock media library, and team collaboration tools for content creators.",
    "category": "Voice",
    "pricing": "Freemium",
    "url": "https://fliki.ai/",
    "official_website": "https://fliki.ai/",
    "tags": [
      "stock-media",
      "multilingual",
      "text-to-speech",
      "hd-video",
      "video-creation"
    ]
  },
  {
    "id": "f2ad5079d80d",
    "name": "FunReason-MT",
    "description": "AI model FunReason-MT from Bingguang on Hugging Face Hub",
    "category": "ai-model",
    "pricing": "Not Specified",
    "url": "https://huggingface.co/Bingguang/FunReason-MT",
    "official_website": "https://huggingface.co/Bingguang/FunReason-MT",
    "tags": []
  },
  {
    "id": "f3373a726694",
    "name": "feature-engine/feature_engine",
    "description": "Python library containing several transformers to engineer features for ML models",
    "category": "General",
    "pricing": "Unknown",
    "url": "https://github.com/feature-engine/feature_engine",
    "official_website": "https://github.com/feature-engine/feature_engine",
    "tags": []
  },
  {
    "id": "f341dbc23d3f",
    "name": "folk",
    "description": "folk is the CRM that works for you, not the other way around. It's lightweight, customizable, and powered with AI to let you easily build stronger relationships.",
    "category": "Social media management tools, CRM software",
    "pricing": "Not Specified",
    "url": "https://www.folk.com",
    "official_website": "https://www.folk.com",
    "tags": []
  },
  {
    "id": "f3708d945d11",
    "name": "Find Your Next Book",
    "description": "Discover personalized reads with an AI-powered, genre-spanning recommendation engine.",
    "category": "productivity",
    "pricing": "Free",
    "url": "https://www.findyournextbook.ai",
    "official_website": "https://www.findyournextbook.ai",
    "tags": []
  },
  {
    "id": "f7e0b87e-eca8-4933-9739-4af6b3b7cfae",
    "name": "Flowcart AI",
    "description": "Flowcart is an AI-driven conversational commerce and CRM platform built for WhatsApp that helps businesses manage the complete customer lifecycle\u2014from acquisition to checkout to retention\u2014directly through chat. It enables brands to launch personalized marketing campaigns, send automated follow-ups, and recover abandoned sales within WhatsApp. Flowcart integrates with Shopify, WooCommerce, ERPs, and CRMs, allowing seamless synchronization of sales, messaging, and payments. By turning WhatsApp con",
    "category": "General",
    "pricing": "Unknown",
    "url": "https://futuretools.link/flowcart-ai",
    "official_website": "https://futuretools.link/flowcart-ai",
    "tags": []
  },
  {
    "id": "faa03d5e1b8d",
    "name": "Framer AI",
    "description": "No-code AI website builder that creates responsive websites from simple prompts. Features built-in AI translation, wireframing, and custom AI plugin development capabilities.",
    "category": "Design",
    "pricing": "Freemium",
    "url": "https://www.framer.com/ai/",
    "official_website": "https://www.framer.com/ai/",
    "tags": [
      "localization",
      "responsive",
      "website-builder",
      "no-code",
      "plugins"
    ]
  },
  {
    "id": "fc9c26fa2075",
    "name": "Fluig AI",
    "description": "Smart AI for mind maps, flowcharts & chat.",
    "category": "Productivity",
    "pricing": "Not Specified",
    "url": "https://saasaitools.com/fluig",
    "official_website": "https://saasaitools.com/fluig",
    "tags": [
      "productivity",
      "visualization"
    ]
  },
  {
    "id": "fd2999b0-4e3c-4533-91af-fd8c4a021d5b",
    "name": "Fellow.ai",
    "description": "Record, transcribe and summarize every meeting with the only AI meeting assistant built with privacy and security in mind.",
    "category": "Meeting software, AI notetakers",
    "pricing": "Unknown",
    "url": "https://fellow.app",
    "official_website": "https://fellow.app",
    "tags": []
  },
  {
    "id": "fded1507-b852-482d-b004-45534d11b393",
    "name": "Fliki",
    "description": "Text-to-video platform with 2500+ ultra-realistic AI voices across 80+ languages. Trusted by 50,000+ companies with advanced voice cloning and multimedia conversion capabilities.",
    "category": "AI Video Creation",
    "pricing": "Free",
    "url": "https://fliki.ai/",
    "official_website": "https://fliki.ai/",
    "tags": []
  },
  {
    "id": "ffc64fa3ccea",
    "name": "FLUX.1 [Schnell]",
    "description": "Generate high-quality images from text prompts with advanced AI.",
    "category": "Image Generation",
    "pricing": "Free",
    "url": "https://huggingface.co/spaces/black-forest-labs/FLUX.1-schnell",
    "official_website": "https://huggingface.co/spaces/black-forest-labs/FLUX.1-schnell",
    "tags": [
      "generation",
      "image"
    ]
  }
]