[
  {
    "id": "006a957f-8220-4178-85f8-ab50596c9513",
    "name": "No-Code/Low-Code Tool 3",
    "description": "Specialized ai no-code/low-code solution for enterprise and personal use",
    "category": "AI No-Code/Low-Code",
    "pricing": "{\"model\":\"Varies\",\"details\":\"Pricing varies by tier and usage\"}",
    "url": "https://no-code/low-code3.com",
    "official_website": "https://no-code/low-code3.com",
    "tags": []
  },
  {
    "id": "00e77d79-42fe-4490-b778-fc30af57d7e6",
    "name": "Notion AI",
    "description": "AI-powered workspace",
    "category": "AI Productivity",
    "pricing": "Premium",
    "url": "https://notion.so/product/ai",
    "official_website": "https://notion.so/product/ai",
    "tags": []
  },
  {
    "id": "01cd4ba6a6a1",
    "name": "Nekton AI",
    "description": "Automate workflows with AI",
    "category": "Productivity",
    "pricing": "Not Specified",
    "url": "https://nekton.ai",
    "official_website": "https://nekton.ai",
    "tags": [
      "GitHub Community"
    ]
  },
  {
    "id": "05e40c496a7e",
    "name": "NVIDIA/tensorrt-inference-server",
    "description": "TensorRT Inference Server is an inference microservice that maximizes GPU utilization",
    "category": "General",
    "pricing": "Unknown",
    "url": "https://github.com/NVIDIA/tensorrt-inference-server",
    "official_website": "https://github.com/NVIDIA/tensorrt-inference-server",
    "tags": []
  },
  {
    "id": "082a55281fdd",
    "name": "Notion",
    "description": "The all-in-one workspace that combines note-taking, project management, and task organization. It allows you to create customized databases, documents, and calendars.",
    "category": "Note and writing apps, Project management software, No-code Platforms, AI notetakers, No-Code App Builder",
    "pricing": "Not Specified",
    "url": "https://notion.so",
    "official_website": "https://notion.so",
    "tags": []
  },
  {
    "id": "0a987e6b-c58b-4bec-96da-52b1f672519f",
    "name": "No-Code/Low-Code Tool 41",
    "description": "Specialized ai no-code/low-code solution for enterprise and personal use",
    "category": "AI No-Code/Low-Code",
    "pricing": "{\"model\":\"Varies\",\"details\":\"Pricing varies by tier and usage\"}",
    "url": "https://no-code/low-code41.com",
    "official_website": "https://no-code/low-code41.com",
    "tags": []
  },
  {
    "id": "0cc8b3c293e1",
    "name": "NEURON Simulator",
    "description": "Specialized AI and simulation tool for specific research domains",
    "category": "Model Library",
    "pricing": "Open Source",
    "url": "https://neuron simulator.org",
    "official_website": "https://neuron simulator.org",
    "tags": []
  },
  {
    "id": "0e94c1e5d9d8",
    "name": "NotebookLM",
    "description": "AI research assistant that allows users to upload PDF and document sources, then chat with them selectively turning sources on/off to get different answers, perfect for understanding relationships in large datasets.",
    "category": "Productivity",
    "pricing": "Free",
    "url": "https://notebooklm.google.com",
    "official_website": "https://notebooklm.google.com",
    "tags": [
      "ai-chat",
      "document-analysis",
      "research-assistant",
      "academic",
      "source-grounding"
    ]
  },
  {
    "id": "10522384-e68a-40a1-bd62-6936c863331d",
    "name": "National Instruments AI",
    "description": "Test and measurement AI",
    "category": "Specialized AI Services",
    "pricing": "Freemium",
    "url": "https://nationalinstruments.com",
    "official_website": "https://nationalinstruments.com",
    "tags": []
  },
  {
    "id": "10eb3801-a79c-4c14-8880-df88214d19c8",
    "name": "No-Code/Low-Code Tool 12",
    "description": "Specialized ai no-code/low-code solution for enterprise and personal use",
    "category": "AI No-Code/Low-Code",
    "pricing": "{\"model\":\"Varies\",\"details\":\"Pricing varies by tier and usage\"}",
    "url": "https://no-code/low-code12.com",
    "official_website": "https://no-code/low-code12.com",
    "tags": []
  },
  {
    "id": "1106bbb2-6372-4ee4-8a5f-41c04e581073",
    "name": "Nakama",
    "description": "Game backend server",
    "category": "AI Development Platforms",
    "pricing": "Freemium",
    "url": "https://heroiclabs.com",
    "official_website": "https://heroiclabs.com",
    "tags": []
  },
  {
    "id": "11e4145c-e6af-4e9b-b642-34cdf1686a3a",
    "name": "No-Code/Low-Code Tool 8",
    "description": "Specialized ai no-code/low-code solution for enterprise and personal use",
    "category": "AI No-Code/Low-Code",
    "pricing": "{\"model\":\"Varies\",\"details\":\"Pricing varies by tier and usage\"}",
    "url": "https://no-code/low-code8.com",
    "official_website": "https://no-code/low-code8.com",
    "tags": []
  },
  {
    "id": "12024ce7-e102-4c88-9cf0-088bb6556dc9",
    "name": "No-Code/Low-Code Tool 36",
    "description": "Specialized ai no-code/low-code solution for enterprise and personal use",
    "category": "AI No-Code/Low-Code",
    "pricing": "{\"model\":\"Varies\",\"details\":\"Pricing varies by tier and usage\"}",
    "url": "https://no-code/low-code36.com",
    "official_website": "https://no-code/low-code36.com",
    "tags": []
  },
  {
    "id": "1331141e3721",
    "name": "Neural Magic",
    "description": "Neural Magic delivers unparalleled performance and scalability for deploying state-of-the-art language models, empowering organizations to automate complex workflows and boost productivity by up to 30%.",
    "category": "Development & Code, LLM Deployment",
    "pricing": "Not specified",
    "url": "https://neuralmagic.com",
    "official_website": "https://neuralmagic.com",
    "tags": []
  },
  {
    "id": "147b2631-0de8-49b7-b835-7989ecfa15de",
    "name": "No-Code/Low-Code Tool 33",
    "description": "Specialized ai no-code/low-code solution for enterprise and personal use",
    "category": "AI No-Code/Low-Code",
    "pricing": "{\"model\":\"Varies\",\"details\":\"Pricing varies by tier and usage\"}",
    "url": "https://no-code/low-code33.com",
    "official_website": "https://no-code/low-code33.com",
    "tags": []
  },
  {
    "id": "15beea036422",
    "name": "NumPy",
    "description": "Specialized AI tool for data analysis applications",
    "category": "Data Analysis",
    "pricing": "Open Source",
    "url": "https://numpy.com",
    "official_website": "https://numpy.com",
    "tags": []
  },
  {
    "id": "16168174-262e-4b24-ac8f-9cac05e2155c",
    "name": "No-Code/Low-Code Tool 22",
    "description": "Specialized ai no-code/low-code solution for enterprise and personal use",
    "category": "AI No-Code/Low-Code",
    "pricing": "{\"model\":\"Varies\",\"details\":\"Pricing varies by tier and usage\"}",
    "url": "https://no-code/low-code22.com",
    "official_website": "https://no-code/low-code22.com",
    "tags": []
  },
  {
    "id": "18af691c5771",
    "name": "NNI",
    "description": "An open source AutoML toolkit for automate machine learning lifecycle, including feature engineering, neural architecture search, model compression and hyper-parameter tuning.",
    "category": "AutoML",
    "pricing": "Not Specified",
    "url": "https://nni.readthedocs.io",
    "official_website": "https://nni.readthedocs.io",
    "tags": [
      "Supports PyTorch, TensorFlow, Scikit-learn, XGBoost, LightGBM",
      "Automates model compression and hyper-parameter tuning",
      "Automates feature engineering and neural architecture search",
      "Neural architecture search strategies: DARTS, ENAS, FBNet, ProxylessNAS, SPOS",
      "Multiple hyperparameter tuning algorithms: Grid Search, Random, Evolution, Hyperband",
      "Bayesian optimization algorithms: BOHB, DNGO, GP, Metis, SMAC, TPE"
    ]
  },
  {
    "id": "19aad783-706d-489f-b699-ce9f2a18c668",
    "name": "No-Code/Low-Code Tool 20",
    "description": "Specialized ai no-code/low-code solution for enterprise and personal use",
    "category": "AI No-Code/Low-Code",
    "pricing": "{\"model\":\"Varies\",\"details\":\"Pricing varies by tier and usage\"}",
    "url": "https://no-code/low-code20.com",
    "official_website": "https://no-code/low-code20.com",
    "tags": []
  },
  {
    "id": "1b5900d7-95aa-4a5d-87e7-472e1a4ef564",
    "name": "No-Code/Low-Code Tool 27",
    "description": "Specialized ai no-code/low-code solution for enterprise and personal use",
    "category": "AI No-Code/Low-Code",
    "pricing": "{\"model\":\"Varies\",\"details\":\"Pricing varies by tier and usage\"}",
    "url": "https://no-code/low-code27.com",
    "official_website": "https://no-code/low-code27.com",
    "tags": []
  },
  {
    "id": "1c4e9912-a71d-41f7-aa9f-d323c5069018",
    "name": "Notion",
    "description": "All-in-one workspace that blends everyday work apps into one. Serves as a connected workspace for wikis, docs, and projects, leveraging AI to enhance productivity for teams and individuals.",
    "category": "Office & Productivity",
    "pricing": "Free",
    "url": "https://affiliate.notion.so/ffsd1156ei0l",
    "official_website": "https://affiliate.notion.so/ffsd1156ei0l",
    "tags": []
  },
  {
    "id": "1cc66865-b681-4d72-a12a-0ca253cbe40e",
    "name": "NEURON Simulator",
    "description": "Specialized AI and simulation tool for specific research domains",
    "category": "Model Library",
    "pricing": "Open Source",
    "url": "https://neuron simulator.org",
    "official_website": "https://neuron simulator.org",
    "tags": []
  },
  {
    "id": "1ea7a5e1-6563-4c35-9093-599efc632539",
    "name": "Natural Readers",
    "description": "Text-to-speech software with AI-powered voice selection and reading",
    "category": "Content Creation",
    "pricing": "Free",
    "url": "https://naturalreaders.com",
    "official_website": "https://naturalreaders.com",
    "tags": []
  },
  {
    "id": "1eae4583-72e6-4e38-9677-d1329363056b",
    "name": "Namely",
    "description": "HR platform with AI-powered employee experience and analytics",
    "category": "Business Growth",
    "pricing": "Premium",
    "url": "https://namely.com",
    "official_website": "https://namely.com",
    "tags": []
  },
  {
    "id": "2343c131-a8e1-4c9c-b97d-202113208eea",
    "name": "No-Code/Low-Code Tool 42",
    "description": "Specialized ai no-code/low-code solution for enterprise and personal use",
    "category": "AI No-Code/Low-Code",
    "pricing": "{\"model\":\"Varies\",\"details\":\"Pricing varies by tier and usage\"}",
    "url": "https://no-code/low-code42.com",
    "official_website": "https://no-code/low-code42.com",
    "tags": []
  },
  {
    "id": "23674272-5ad9-488c-9fc2-5fb111b87f35",
    "name": "No-Code/Low-Code Tool 40",
    "description": "Specialized ai no-code/low-code solution for enterprise and personal use",
    "category": "AI No-Code/Low-Code",
    "pricing": "{\"model\":\"Varies\",\"details\":\"Pricing varies by tier and usage\"}",
    "url": "https://no-code/low-code40.com",
    "official_website": "https://no-code/low-code40.com",
    "tags": []
  },
  {
    "id": "2465af6d6dd3",
    "name": "nllb-200-distilled-600M",
    "description": "NLLB-200 is a machine translation model primarily intended for research in machine translation, especially for low-resource languages. Allows for single sentence translation among 200 languages.",
    "category": "Text Processing",
    "pricing": "Not Specified",
    "url": "https://huggingface.co/facebook/nllb-200-distilled-600M",
    "official_website": "https://huggingface.co/facebook/nllb-200-distilled-600M",
    "tags": [
      "pytorch",
      "m2m_100",
      "transformers",
      "text2text-generation",
      "translation",
      "multilingual",
      "flores-200"
    ]
  },
  {
    "id": "24a6e8610e35",
    "name": "Nvidia Blackwell",
    "description": "Nvidia's next-generation AI chip",
    "category": "AI Hardware",
    "pricing": "Not Specified",
    "url": "https://www.nvidia.com/en-us/data-center/blackwell/",
    "official_website": "https://www.nvidia.com/en-us/data-center/blackwell/",
    "tags": [
      "Composed of 208 billion transistors",
      "Handles AI models and queries more quickly than its predecessors"
    ]
  },
  {
    "id": "268955bf-74f2-4870-8e7d-6ddf667113b2",
    "name": "Noesent",
    "description": "Noesent is a multi-agent AI platform built to automate fintech operations that traditionally drain team time and resources. Instead of relying on manual workflows, Noesent deploys specialized agents designed to handle support, payments, routing, reconciliation, fraud detection, and API documentation queries with speed and accuracy. Each agent focuses on a high-impact workflow\u2014whether it\u2019s verifying transactions, automating invoice matching, routing payments intelligently, or detecting fraud befo",
    "category": "General",
    "pricing": "Unknown",
    "url": "https://futuretools.link/noesent-com",
    "official_website": "https://futuretools.link/noesent-com",
    "tags": []
  },
  {
    "id": "285ff397-d72b-4172-a3bd-e31d9fca141a",
    "name": "Namecheap Logo Maker AI",
    "description": "AI-powered logo creation tool",
    "category": "AI Design",
    "pricing": "{\"model\":\"Freemium\",\"details\":\"Free tier available with premium plans\"}",
    "url": "namecheaplogomakerai",
    "official_website": "namecheaplogomakerai",
    "tags": []
  },
  {
    "id": "299e5365-289d-4956-95ea-b0766dcfa1a6",
    "name": "No-Code/Low-Code Tool 44",
    "description": "Specialized ai no-code/low-code solution for enterprise and personal use",
    "category": "AI No-Code/Low-Code",
    "pricing": "{\"model\":\"Varies\",\"details\":\"Pricing varies by tier and usage\"}",
    "url": "https://no-code/low-code44.com",
    "official_website": "https://no-code/low-code44.com",
    "tags": []
  },
  {
    "id": "29d64a325b87",
    "name": "Napkin AI",
    "description": "AI tool for generating infographics from data.",
    "category": "Data Visualization",
    "pricing": "Freemium",
    "url": "https://napkin.ai/",
    "official_website": "https://napkin.ai/",
    "tags": [
      "infographics",
      "visualization"
    ]
  },
  {
    "id": "2a1ab04f-95b5-44da-9fb5-df010f4865cf",
    "name": "Notion Mail",
    "description": "AI-powered email client integrated into Notion workspace with Auto Label for intelligent inbox filtering, AI-generated email summaries, scheduling capabilities, and customizable templates.",
    "category": "AI Productivity",
    "pricing": "Premium",
    "url": "https://www.notion.com/product/mail",
    "official_website": "https://www.notion.com/product/mail",
    "tags": []
  },
  {
    "id": "3071e2a4-272b-4faf-b2a2-d0d410dabe6f",
    "name": "Neural Text",
    "description": "AI writing assistant with SEO focus",
    "category": "AI Writing & Content",
    "pricing": "{\"model\":\"Freemium\",\"details\":\"Free tier available with premium plans\"}",
    "url": "neuraltext",
    "official_website": "neuraltext",
    "tags": []
  },
  {
    "id": "314b3803-0ebe-4c90-8aa2-49e52bd83d5a",
    "name": "NightCafe",
    "description": "AI-powered image generation solution",
    "category": "AI Image Generation",
    "pricing": "{\"model\":\"Varies\",\"details\":\"Pricing varies by tier and usage\"}",
    "url": "https://www.nightcafe.com",
    "official_website": "https://www.nightcafe.com",
    "tags": []
  },
  {
    "id": "328095ce-bb04-4017-b878-2842f8674980",
    "name": "NLTK-Teach",
    "description": "Miscellaneous materials for teaching NLP using NLTK",
    "category": "Natural Language Processing",
    "pricing": "Unknown",
    "url": "https://www.nltk.org",
    "official_website": "https://www.nltk.org",
    "tags": []
  },
  {
    "id": "3bac1747-581e-49c8-ad08-b9f03c381a23",
    "name": "NMSLIB",
    "description": "Non-metric space library",
    "category": "Search & Recommendations",
    "pricing": "Freemium",
    "url": "https://community.com",
    "official_website": "https://community.com",
    "tags": []
  },
  {
    "id": "3e1ac1ccf288",
    "name": "Notion AI",
    "description": "All-in-one AI workspace integrated into Notion that helps build, write, and automate tasks. Features agents for manual task automation, enterprise search across connected apps, AI meeting notes, database autofill, and workflow automation within the Notion workspace.",
    "category": "Writing",
    "pricing": "Freemium",
    "url": "https://www.notion.com/product/ai",
    "official_website": "https://www.notion.com/product/ai",
    "tags": [
      "automation",
      "enterprise search",
      "agents",
      "database automation",
      "meeting notes",
      "workspace AI",
      "knowledge management"
    ]
  },
  {
    "id": "419a5209-13dc-4c52-9db8-25c25be18c6c",
    "name": "Notion",
    "description": "Versatile workspace platform combining databases, note-taking, and collaboration with AI features including text generation, Q&A over workspace data, AI editing tools, and customizable templates.",
    "category": "AI Productivity",
    "pricing": "Free",
    "url": "https://notion.so",
    "official_website": "https://notion.so",
    "tags": []
  },
  {
    "id": "44a81212-3786-4de3-87c1-589be5083f97",
    "name": "Notion AI",
    "description": "AI-enhanced note-taking and productivity platform",
    "category": "AI Productivity",
    "pricing": "{\"model\":\"Freemium\",\"details\":\"Free tier available with premium plans\"}",
    "url": "notionai",
    "official_website": "notionai",
    "tags": []
  },
  {
    "id": "44e3880e-a925-4c54-ac82-96d4cdb53a35",
    "name": "No-Code/Low-Code Tool 39",
    "description": "Specialized ai no-code/low-code solution for enterprise and personal use",
    "category": "AI No-Code/Low-Code",
    "pricing": "{\"model\":\"Varies\",\"details\":\"Pricing varies by tier and usage\"}",
    "url": "https://no-code/low-code39.com",
    "official_website": "https://no-code/low-code39.com",
    "tags": []
  },
  {
    "id": "45038a6a-b4cf-4376-8584-4d3389d55cf2",
    "name": "No-Code/Low-Code Tool 14",
    "description": "Specialized ai no-code/low-code solution for enterprise and personal use",
    "category": "AI No-Code/Low-Code",
    "pricing": "{\"model\":\"Varies\",\"details\":\"Pricing varies by tier and usage\"}",
    "url": "https://no-code/low-code14.com",
    "official_website": "https://no-code/low-code14.com",
    "tags": []
  },
  {
    "id": "4541e23c-a31e-4461-a6d0-bc036381f290",
    "name": "Nosto AI",
    "description": "AI personalization platform for e-commerce",
    "category": "AI E-commerce",
    "pricing": "{\"model\":\"Freemium\",\"details\":\"Free tier available with premium plans\"}",
    "url": "nostoai",
    "official_website": "nostoai",
    "tags": []
  },
  {
    "id": "45f6ea9a-7cb5-48bf-aa09-4ca8c7d2c003",
    "name": "NightCafe",
    "description": "AI art generator with multiple AI models",
    "category": "AI Image Generation",
    "pricing": "{\"model\":\"Freemium\",\"details\":\"Free tier available with premium plans\"}",
    "url": "nightcafe",
    "official_website": "nightcafe",
    "tags": []
  },
  {
    "id": "49ebfaf93d50",
    "name": "nepaliBERT",
    "description": "AI model nepaliBERT from Shushant on Hugging Face Hub",
    "category": "ai-model",
    "pricing": "Not Specified",
    "url": "https://huggingface.co/Shushant/nepaliBERT",
    "official_website": "https://huggingface.co/Shushant/nepaliBERT",
    "tags": []
  },
  {
    "id": "4a085a6bb626",
    "name": "NVIDIA-Nemotron-Nano-12B-v2",
    "description": "\u2022",
    "category": "Model",
    "pricing": "Not Specified",
    "url": "https://huggingface.co/nvidia/NVIDIA-Nemotron-Nano-12B-v2",
    "official_website": "https://huggingface.co/nvidia/NVIDIA-Nemotron-Nano-12B-v2",
    "tags": []
  },
  {
    "id": "4ef93d41-8b9e-4b3d-8af6-35359cfa1706",
    "name": "Novel",
    "description": "Novel is an open-source Notion-style WYSYWIG editor with AI-powered autocompletions \u2728 Built with Next.js Tiptap, OpenAI, and the Vercel AI SDK.",
    "category": "AI Productivity",
    "pricing": "{\"model\":\"Varies\",\"details\":\"Pricing varies by tool\"}",
    "url": "https://www.producthunt.com/products/novel",
    "official_website": "https://www.producthunt.com/products/novel",
    "tags": []
  },
  {
    "id": "4f747c80-1600-47ae-8684-0c5f977e6439",
    "name": "Nora",
    "description": "AI development tool",
    "category": "Artificial Intelligence, Developer Tools",
    "pricing": "Unknown",
    "url": "https://nora.ai",
    "official_website": "https://nora.ai",
    "tags": []
  },
  {
    "id": "513ec6b2-49a5-40f5-be63-fcd3ac86fd64",
    "name": "Nexos.ai",
    "description": "Nexos AI Orchestration Platform is a comprehensive enterprise solution that centralizes access to over 200 large language models from providers like OpenAI, Anthropic, and Google through a single, secure interface. The platform leverages AI to intelligently route queries to the most appropriate models, optimize costs through smart caching, and ensure reliability with automatic failover capabilities. Organizations adopt Nexos AI to overcome the fragmentation of AI tools, maintain strict security",
    "category": "General",
    "pricing": "Unknown",
    "url": "https://futuretools.link/nexos-ai",
    "official_website": "https://futuretools.link/nexos-ai",
    "tags": []
  },
  {
    "id": "528ba7ff-88b8-4007-9bbb-6c70b39e242f",
    "name": "No-Code/Low-Code Tool 37",
    "description": "Specialized ai no-code/low-code solution for enterprise and personal use",
    "category": "AI No-Code/Low-Code",
    "pricing": "{\"model\":\"Varies\",\"details\":\"Pricing varies by tier and usage\"}",
    "url": "https://no-code/low-code37.com",
    "official_website": "https://no-code/low-code37.com",
    "tags": []
  },
  {
    "id": "529d42f4-2043-4404-a199-3b88349cc3ce",
    "name": "NeeD",
    "description": "Natural English detection",
    "category": "Natural Language Processing",
    "pricing": "Freemium",
    "url": "https://need.com",
    "official_website": "https://need.com",
    "tags": []
  },
  {
    "id": "52a9548c-db51-4451-8a13-1eef28266c49",
    "name": "No-Code/Low-Code Tool 6",
    "description": "Specialized ai no-code/low-code solution for enterprise and personal use",
    "category": "AI No-Code/Low-Code",
    "pricing": "{\"model\":\"Varies\",\"details\":\"Pricing varies by tier and usage\"}",
    "url": "https://no-code/low-code6.com",
    "official_website": "https://no-code/low-code6.com",
    "tags": []
  },
  {
    "id": "55e17563-60b6-44cc-a356-4926864429d2",
    "name": "Notion AI",
    "description": "AI writing assistant integrated in Notion",
    "category": "AI Writing Tools",
    "pricing": "Premium",
    "url": "https://notion.so/product/ai",
    "official_website": "https://notion.so/product/ai",
    "tags": []
  },
  {
    "id": "56c98513b6de",
    "name": "NUS AI Research",
    "description": "AI research laboratory with tools and frameworks for artificial intelligence research",
    "category": "AI Research",
    "pricing": "Open Source",
    "url": "https://ai.nus.edu",
    "official_website": "https://ai.nus.edu",
    "tags": []
  },
  {
    "id": "5766076cffad",
    "name": "nsfw_image_detection",
    "description": "AI model nsfw_image_detection from Falconsai on Hugging Face Hub",
    "category": "ai-model",
    "pricing": "Not Specified",
    "url": "https://huggingface.co/Falconsai/nsfw_image_detection",
    "official_website": "https://huggingface.co/Falconsai/nsfw_image_detection",
    "tags": []
  },
  {
    "id": "57958bd5-4cb1-4d9a-b8e7-7e4e0ffcd35c",
    "name": "Natural Language API",
    "description": "Analyze text for sentiment, entities, and syntax using ML models",
    "category": "Cloud AI Services",
    "pricing": "Unknown",
    "url": "https://cloud.google.com/natural-language",
    "official_website": "https://cloud.google.com/natural-language",
    "tags": []
  },
  {
    "id": "587562fc-995e-4b5a-b437-6aa82a381f16",
    "name": "NNI",
    "description": "An open source AutoML toolkit for automate machine learning lifecycle, including feature engineering, neural architecture search, model compression and hyper-parameter tuning.",
    "category": "AutoML",
    "pricing": "Unknown",
    "url": "https://nni.readthedocs.io",
    "official_website": "https://nni.readthedocs.io",
    "tags": []
  },
  {
    "id": "59019374-420f-476c-a53e-77996064dee8",
    "name": "Notion AI",
    "description": "All-in-one AI workspace integrated into Notion that helps build, write, and automate tasks. Features agents for manual task automation, enterprise search across connected apps, AI meeting notes, database autofill, and workflow automation within the Notion workspace.",
    "category": "AI Writing Tools",
    "pricing": "Free",
    "url": "https://www.notion.com/product/ai",
    "official_website": "https://www.notion.com/product/ai",
    "tags": []
  },
  {
    "id": "5afcbd9f1296",
    "name": "NLTK",
    "description": "Natural Language Toolkit",
    "category": "NLP",
    "pricing": "Not Specified",
    "url": "https://www.nltk.org/",
    "official_website": "https://www.nltk.org/",
    "tags": [
      "GitHub Community"
    ]
  },
  {
    "id": "5c0c7421-f551-4db8-8154-8c6e78c59a0f",
    "name": "Nightcafe",
    "description": "AI art generator with multiple algorithms",
    "category": "AI Image Generation",
    "pricing": "Freemium",
    "url": "https://nightcafe.studio",
    "official_website": "https://nightcafe.studio",
    "tags": []
  },
  {
    "id": "5f25ea6d8690",
    "name": "NotebookLM",
    "description": "An AI tool to aggregate information",
    "category": "AI Knowledge Management",
    "pricing": "Free",
    "url": "https://notebooklm.google.com/",
    "official_website": "https://notebooklm.google.com/",
    "tags": [
      "Examines, summarizes, and answers questions about uploaded material",
      "Allows adding sources like Google Docs, plain text, or PDFs"
    ]
  },
  {
    "id": "5fa8816a-030a-4784-b95b-fec8e7ffb9e8",
    "name": "No-Code/Low-Code Tool 23",
    "description": "Specialized ai no-code/low-code solution for enterprise and personal use",
    "category": "AI No-Code/Low-Code",
    "pricing": "{\"model\":\"Varies\",\"details\":\"Pricing varies by tier and usage\"}",
    "url": "https://no-code/low-code23.com",
    "official_website": "https://no-code/low-code23.com",
    "tags": []
  },
  {
    "id": "620ef7d1-64cc-4277-8ee3-7b5289523aa2",
    "name": "No-Code/Low-Code Tool 29",
    "description": "Specialized ai no-code/low-code solution for enterprise and personal use",
    "category": "AI No-Code/Low-Code",
    "pricing": "{\"model\":\"Varies\",\"details\":\"Pricing varies by tier and usage\"}",
    "url": "https://no-code/low-code29.com",
    "official_website": "https://no-code/low-code29.com",
    "tags": []
  },
  {
    "id": "624d55b4-57b0-4380-a6cb-48e74e93cb90",
    "name": "No-Code/Low-Code Tool 38",
    "description": "Specialized ai no-code/low-code solution for enterprise and personal use",
    "category": "AI No-Code/Low-Code",
    "pricing": "{\"model\":\"Varies\",\"details\":\"Pricing varies by tier and usage\"}",
    "url": "https://no-code/low-code38.com",
    "official_website": "https://no-code/low-code38.com",
    "tags": []
  },
  {
    "id": "627c879e-0ffc-425c-b367-9d666056fb46",
    "name": "No-Code/Low-Code Tool 18",
    "description": "Specialized ai no-code/low-code solution for enterprise and personal use",
    "category": "AI No-Code/Low-Code",
    "pricing": "{\"model\":\"Varies\",\"details\":\"Pricing varies by tier and usage\"}",
    "url": "https://no-code/low-code18.com",
    "official_website": "https://no-code/low-code18.com",
    "tags": []
  },
  {
    "id": "67e5c0d5-4766-4a57-9afb-15a67b07dd0a",
    "name": "NVIDIA Clara",
    "description": "AI framework for healthcare imaging and genomics",
    "category": "Federated Learning",
    "pricing": "Free for research",
    "url": "https://developer.nvidia.com/clara",
    "official_website": "https://developer.nvidia.com/clara",
    "tags": []
  },
  {
    "id": "693e46e2-485d-477e-a101-efb226b44798",
    "name": "No-Code/Low-Code Tool 1",
    "description": "Specialized ai no-code/low-code solution for enterprise and personal use",
    "category": "AI No-Code/Low-Code",
    "pricing": "{\"model\":\"Varies\",\"details\":\"Pricing varies by tier and usage\"}",
    "url": "https://no-code/low-code1.com",
    "official_website": "https://no-code/low-code1.com",
    "tags": []
  },
  {
    "id": "6c7e39814125",
    "name": "nano-vllm",
    "description": "Lightweight version of vLLM framework for efficient inference",
    "category": "Developer Tools",
    "pricing": "Unknown",
    "url": "https://github.com/nano-vllm/nano-vllm",
    "official_website": "https://github.com/nano-vllm/nano-vllm",
    "tags": []
  },
  {
    "id": "70823de4-6567-4652-9935-efc2afff0adc",
    "name": "NEURON",
    "description": "Specialized AI and simulation tool for specific research domains",
    "category": "Model Library",
    "pricing": "Open Source",
    "url": "https://neuron.org",
    "official_website": "https://neuron.org",
    "tags": []
  },
  {
    "id": "70c2beb4-f66d-485f-af80-15bbf669d0ad",
    "name": "Nora",
    "description": "AI development tool",
    "category": "AI Productivity",
    "pricing": "{\"model\":\"Varies\",\"details\":\"Pricing varies by tool\"}",
    "url": "https://www.producthunt.com/products/nora-5",
    "official_website": "https://www.producthunt.com/products/nora-5",
    "tags": []
  },
  {
    "id": "70eb1c70-04ed-437a-b97c-3f5052757345",
    "name": "No-Code/Low-Code Tool 30",
    "description": "Specialized ai no-code/low-code solution for enterprise and personal use",
    "category": "AI No-Code/Low-Code",
    "pricing": "{\"model\":\"Varies\",\"details\":\"Pricing varies by tier and usage\"}",
    "url": "https://no-code/low-code30.com",
    "official_website": "https://no-code/low-code30.com",
    "tags": []
  },
  {
    "id": "70fb9c89-345d-4ebd-b2d9-845da43f2b09",
    "name": "Nuro",
    "description": "Autonomous delivery vehicles",
    "category": "Specialized AI Services",
    "pricing": "Freemium",
    "url": "https://nuro.com",
    "official_website": "https://nuro.com",
    "tags": []
  },
  {
    "id": "7265bf3d611c",
    "name": "NotebookLM",
    "description": "AI tool for transforming text into podcast episodes.",
    "category": "Content Creation",
    "pricing": "Freemium",
    "url": "https://notebooklm.google/",
    "official_website": "https://notebooklm.google/",
    "tags": [
      "content",
      "podcast"
    ]
  },
  {
    "id": "72c0d11c-7603-450f-b31c-05bb0972381e",
    "name": "NVIDIA-Nemotron-Nano-12B-v2",
    "description": "\u2022",
    "category": "Model",
    "pricing": "Unknown",
    "url": "https://huggingface.co/nvidia/NVIDIA-Nemotron-Nano-12B-v2",
    "official_website": "https://huggingface.co/nvidia/NVIDIA-Nemotron-Nano-12B-v2",
    "tags": []
  },
  {
    "id": "7420f771-c8b8-4100-ab8e-c283792252c0",
    "name": "Neptune ML",
    "description": "ML metadata management",
    "category": "AI Development Platforms",
    "pricing": "Freemium",
    "url": "https://neptune.com",
    "official_website": "https://neptune.com",
    "tags": []
  },
  {
    "id": "75c52075-0133-445b-a35d-e043d63dd8cf",
    "name": "No-Code/Low-Code Tool 26",
    "description": "Specialized ai no-code/low-code solution for enterprise and personal use",
    "category": "AI No-Code/Low-Code",
    "pricing": "{\"model\":\"Varies\",\"details\":\"Pricing varies by tier and usage\"}",
    "url": "https://no-code/low-code26.com",
    "official_website": "https://no-code/low-code26.com",
    "tags": []
  },
  {
    "id": "79141e8a-2052-4a79-a130-450615e43793",
    "name": "No-Code/Low-Code Tool 10",
    "description": "Specialized ai no-code/low-code solution for enterprise and personal use",
    "category": "AI No-Code/Low-Code",
    "pricing": "{\"model\":\"Varies\",\"details\":\"Pricing varies by tier and usage\"}",
    "url": "https://no-code/low-code10.com",
    "official_website": "https://no-code/low-code10.com",
    "tags": []
  },
  {
    "id": "7a769872-d6a9-4538-859d-fd333523a0b2",
    "name": "NeuroPace RNS",
    "description": "Neurological AI",
    "category": "Healthcare AI APIs",
    "pricing": "Freemium",
    "url": "https://neuropace.com",
    "official_website": "https://neuropace.com",
    "tags": []
  },
  {
    "id": "7ad8879b-eae6-4f40-8df5-61e429265f3b",
    "name": "nucleotide-transformer-500m-human-ref",
    "description": "AI model nucleotide-transformer-500m-human-ref from InstaDeepAI on Hugging Face Hub",
    "category": "ai-model",
    "pricing": "Unknown",
    "url": "https://huggingface.co/InstaDeepAI/nucleotide-transformer-500m-human-ref",
    "official_website": "https://huggingface.co/InstaDeepAI/nucleotide-transformer-500m-human-ref",
    "tags": []
  },
  {
    "id": "7d675a35-345f-442f-bfd4-7ae516f2c244",
    "name": "No-Code/Low-Code Tool 2",
    "description": "Specialized ai no-code/low-code solution for enterprise and personal use",
    "category": "AI No-Code/Low-Code",
    "pricing": "{\"model\":\"Varies\",\"details\":\"Pricing varies by tier and usage\"}",
    "url": "https://no-code/low-code2.com",
    "official_website": "https://no-code/low-code2.com",
    "tags": []
  },
  {
    "id": "7dbb2595898a",
    "name": "Novelcrafter",
    "description": "Comprehensive online writing platform for authors with 131K+ authors. Features The Codex (wiki system), planning modes, series support, collaboration tools, and smart AI that connects to multiple AI models (OpenAI, Anthropic, Google, Meta, local models).",
    "category": "Writing",
    "pricing": "Premium",
    "url": "https://www.novelcrafter.com/",
    "official_website": "https://www.novelcrafter.com/",
    "tags": [
      "novel writing",
      "author tools",
      "multi-model AI",
      "planning modes",
      "collaboration",
      "creative writing",
      "worldbuilding"
    ]
  },
  {
    "id": "7e9dd279b408",
    "name": "Naive RAG Chatbot",
    "description": "Quick way to test naive RAG implementations with AutoRAG.",
    "category": "Development",
    "pricing": "Free",
    "url": "https://huggingface.co/spaces/AutoRAG/Naive-RAG-chatbot",
    "official_website": "https://huggingface.co/spaces/AutoRAG/Naive-RAG-chatbot",
    "tags": [
      "chatbot",
      "rag"
    ]
  },
  {
    "id": "801e817b-95ae-43ef-85ed-3dab58e5308d",
    "name": "No-Code/Low-Code Tool 21",
    "description": "Specialized ai no-code/low-code solution for enterprise and personal use",
    "category": "AI No-Code/Low-Code",
    "pricing": "{\"model\":\"Varies\",\"details\":\"Pricing varies by tier and usage\"}",
    "url": "https://no-code/low-code21.com",
    "official_website": "https://no-code/low-code21.com",
    "tags": []
  },
  {
    "id": "81a0f97b-1558-47ce-83a4-af235ec8f7dd",
    "name": "NightCafe Studio",
    "description": "Unleash AI-driven art creation, no skills required, endless styles.",
    "category": "Image Generators",
    "pricing": "Unknown",
    "url": "https://creator.nightcafe.studio/",
    "official_website": "https://creator.nightcafe.studio/",
    "tags": []
  },
  {
    "id": "8558c2dc-723a-4395-9562-3f1ae1d8245d",
    "name": "Notion",
    "description": "The all-in-one workspace that combines note-taking, project management, and task organization. It allows you to create customized databases, documents, and calendars.",
    "category": "AI Productivity",
    "pricing": "{\"model\":\"Varies\",\"details\":\"Pricing varies by tool\"}",
    "url": "https://www.producthunt.com/products/notion",
    "official_website": "https://www.producthunt.com/products/notion",
    "tags": []
  },
  {
    "id": "87591390-1c39-42cd-a88f-0dc90cb65485",
    "name": "No-Code/Low-Code Tool 34",
    "description": "Specialized ai no-code/low-code solution for enterprise and personal use",
    "category": "AI No-Code/Low-Code",
    "pricing": "{\"model\":\"Varies\",\"details\":\"Pricing varies by tier and usage\"}",
    "url": "https://no-code/low-code34.com",
    "official_website": "https://no-code/low-code34.com",
    "tags": []
  },
  {
    "id": "88096c60-3e50-4de2-a415-935cc1f642f9",
    "name": "Nemotron-H-4B-Base-8K",
    "description": "AI model Nemotron-H-4B-Base-8K from nvidia on Hugging Face Hub",
    "category": "ai-model",
    "pricing": "Unknown",
    "url": "https://huggingface.co/nvidia/Nemotron-H-4B-Base-8K",
    "official_website": "https://huggingface.co/nvidia/Nemotron-H-4B-Base-8K",
    "tags": []
  },
  {
    "id": "894c8a3a-8eb9-4540-8550-6fa1759e53b7",
    "name": "No-Code/Low-Code Tool 43",
    "description": "Specialized ai no-code/low-code solution for enterprise and personal use",
    "category": "AI No-Code/Low-Code",
    "pricing": "{\"model\":\"Varies\",\"details\":\"Pricing varies by tier and usage\"}",
    "url": "https://no-code/low-code43.com",
    "official_website": "https://no-code/low-code43.com",
    "tags": []
  },
  {
    "id": "8961d723-4fcd-40ea-aa81-51f9a3c7f256",
    "name": "NEC AI",
    "description": "AI solutions",
    "category": "Specialized AI Services",
    "pricing": "Freemium",
    "url": "https://nec.com",
    "official_website": "https://nec.com",
    "tags": []
  },
  {
    "id": "8b9a9056-efcf-4c43-aa72-c7e3db21c48a",
    "name": "No-Code/Low-Code Tool 25",
    "description": "Specialized ai no-code/low-code solution for enterprise and personal use",
    "category": "AI No-Code/Low-Code",
    "pricing": "{\"model\":\"Varies\",\"details\":\"Pricing varies by tier and usage\"}",
    "url": "https://no-code/low-code25.com",
    "official_website": "https://no-code/low-code25.com",
    "tags": []
  },
  {
    "id": "8d3e9d52-7d58-4f0a-92dd-a52e83b9837f",
    "name": "n8n",
    "description": "Open-source workflow automation tool with self-hosting options, broad integration capabilities, advanced technical features, and flexible deployment for engineers and developers.",
    "category": "AI Productivity",
    "pricing": "Free",
    "url": "https://n8n.io",
    "official_website": "https://n8n.io",
    "tags": []
  },
  {
    "id": "8d93e2cf-2f87-43aa-bca6-fb1f1b4ce6ce",
    "name": "No-Code/Low-Code Tool 24",
    "description": "Specialized ai no-code/low-code solution for enterprise and personal use",
    "category": "AI No-Code/Low-Code",
    "pricing": "{\"model\":\"Varies\",\"details\":\"Pricing varies by tier and usage\"}",
    "url": "https://no-code/low-code24.com",
    "official_website": "https://no-code/low-code24.com",
    "tags": []
  },
  {
    "id": "911324efe784",
    "name": "nucleotide-transformer-500m-human-ref",
    "description": "AI model nucleotide-transformer-500m-human-ref from InstaDeepAI on Hugging Face Hub",
    "category": "ai-model",
    "pricing": "Not Specified",
    "url": "https://huggingface.co/InstaDeepAI/nucleotide-transformer-500m-human-ref",
    "official_website": "https://huggingface.co/InstaDeepAI/nucleotide-transformer-500m-human-ref",
    "tags": []
  },
  {
    "id": "92afa06d-91f1-44a0-8f15-34b90eccb398",
    "name": "n8n AI Workflow Builder",
    "description": "AI workflow automation tool",
    "category": "Open Source",
    "pricing": "Unknown",
    "url": "https://n8n.io",
    "official_website": "https://n8n.io",
    "tags": []
  },
  {
    "id": "940b18e7-8d54-4dd4-a14e-e6f7eeb20aa4",
    "name": "NVIDIA Research",
    "description": "Specialized AI tool for emerging ai applications",
    "category": "Emerging AI",
    "pricing": "Open Source",
    "url": "https://nvidiaresearch.com",
    "official_website": "https://nvidiaresearch.com",
    "tags": []
  },
  {
    "id": "941c4d9e-29f8-4116-af5c-df21c8d4e224",
    "name": "Novel",
    "description": "Novel is an open-source Notion-style WYSYWIG editor with AI-powered autocompletions \u2728 Built with Next.js Tiptap, OpenAI, and the Vercel AI SDK.",
    "category": "Note and writing apps, Writing assistants",
    "pricing": "Unknown",
    "url": "https://novel.sh",
    "official_website": "https://novel.sh",
    "tags": []
  },
  {
    "id": "95ebb9fa-a4ba-4040-82b0-c5ec2ed05c4a",
    "name": "NexLaw AI",
    "description": "AI legal assistant that cuts research time by 90% and drafts documents 5x faster with AI-driven precision",
    "category": "Legal",
    "pricing": "Paid",
    "url": "https://www.nexlaw.ai",
    "official_website": "https://www.nexlaw.ai",
    "tags": []
  },
  {
    "id": "97786404d847",
    "name": "nanogiants/awesome-ai-tools",
    "description": "Curated list of AI tools including Code Assistants, Writing Tools, Search Engines, and Building AI Apps",
    "category": "General",
    "pricing": "Unknown",
    "url": "https://github.com/nanogiants/awesome-ai-tools",
    "official_website": "https://github.com/nanogiants/awesome-ai-tools",
    "tags": []
  },
  {
    "id": "98f0ee8b-9284-403d-aa4b-a0ec07a34c5b",
    "name": "No-Code/Low-Code Tool 16",
    "description": "Specialized ai no-code/low-code solution for enterprise and personal use",
    "category": "AI No-Code/Low-Code",
    "pricing": "{\"model\":\"Varies\",\"details\":\"Pricing varies by tier and usage\"}",
    "url": "https://no-code/low-code16.com",
    "official_website": "https://no-code/low-code16.com",
    "tags": []
  },
  {
    "id": "993ff1bae305",
    "name": "Notion",
    "description": "Note-taking app with AI features including smart reminders and meeting summaries.",
    "category": "Productivity",
    "pricing": "Freemium",
    "url": "https://www.notion.so/",
    "official_website": "https://www.notion.so/",
    "tags": [
      "productivity",
      "notes"
    ]
  },
  {
    "id": "9d887faeca88",
    "name": "Notion AI",
    "description": "Just ask Q&A, and find the info you need in seconds",
    "category": "Editor's Choice",
    "pricing": "Not Specified",
    "url": "https://affiliate.notion.so/9po6cx7rvdr6-4y5a7",
    "official_website": "https://affiliate.notion.so/9po6cx7rvdr6-4y5a7",
    "tags": [
      "GitHub Community"
    ]
  },
  {
    "id": "9dbc8a76b0bd",
    "name": "NLTK-Teach",
    "description": "Miscellaneous materials for teaching NLP using NLTK",
    "category": "Natural Language Processing",
    "pricing": "Not Specified",
    "url": "https://www.nltk.org",
    "official_website": "https://www.nltk.org",
    "tags": [
      "Miscellaneous materials for teaching Natural Language Processing using NLTK",
      "Educational materials for NLTK users",
      "Contains example code and resources for NLP education"
    ]
  },
  {
    "id": "9e3b9343-c6a5-46fb-a2c2-0350b5b9ef05",
    "name": "No-Code/Low-Code Tool 4",
    "description": "Specialized ai no-code/low-code solution for enterprise and personal use",
    "category": "AI No-Code/Low-Code",
    "pricing": "{\"model\":\"Varies\",\"details\":\"Pricing varies by tier and usage\"}",
    "url": "https://no-code/low-code4.com",
    "official_website": "https://no-code/low-code4.com",
    "tags": []
  },
  {
    "id": "a4ab862c-d90e-4066-a4ad-5c329f28b83c",
    "name": "Notion AI",
    "description": "AI-powered productivity solution",
    "category": "AI Productivity",
    "pricing": "{\"model\":\"Varies\",\"details\":\"Pricing varies by tier and usage\"}",
    "url": "https://www.notionai.com",
    "official_website": "https://www.notionai.com",
    "tags": []
  },
  {
    "id": "a73c6cc5-6cb9-4ac2-9ed0-fd90091ebbde",
    "name": "No-Code/Low-Code Tool 35",
    "description": "Specialized ai no-code/low-code solution for enterprise and personal use",
    "category": "AI No-Code/Low-Code",
    "pricing": "{\"model\":\"Varies\",\"details\":\"Pricing varies by tier and usage\"}",
    "url": "https://no-code/low-code35.com",
    "official_website": "https://no-code/low-code35.com",
    "tags": []
  },
  {
    "id": "a768c40f-d748-46ca-8642-da5321099e00",
    "name": "No-Code/Low-Code Tool 13",
    "description": "Specialized ai no-code/low-code solution for enterprise and personal use",
    "category": "AI No-Code/Low-Code",
    "pricing": "{\"model\":\"Varies\",\"details\":\"Pricing varies by tier and usage\"}",
    "url": "https://no-code/low-code13.com",
    "official_website": "https://no-code/low-code13.com",
    "tags": []
  },
  {
    "id": "a7d440f4e028",
    "name": "nsfw_image_detector",
    "description": "AI model nsfw_image_detector from Freepik on Hugging Face Hub",
    "category": "ai-model",
    "pricing": "Not Specified",
    "url": "https://huggingface.co/Freepik/nsfw_image_detector",
    "official_website": "https://huggingface.co/Freepik/nsfw_image_detector",
    "tags": []
  },
  {
    "id": "a85990cd3d34",
    "name": "Nemotron-H-4B-Base-8K",
    "description": "AI model Nemotron-H-4B-Base-8K from nvidia on Hugging Face Hub",
    "category": "ai-model",
    "pricing": "Not Specified",
    "url": "https://huggingface.co/nvidia/Nemotron-H-4B-Base-8K",
    "official_website": "https://huggingface.co/nvidia/Nemotron-H-4B-Base-8K",
    "tags": []
  },
  {
    "id": "ad648420-7fe8-4913-90cf-8652214dcb02",
    "name": "Natural Voices",
    "description": "High-quality AI voice synthesis",
    "category": "AI Audio & Voice",
    "pricing": "{\"model\":\"Freemium\",\"details\":\"Free tier available with premium plans\"}",
    "url": "naturalvoices",
    "official_website": "naturalvoices",
    "tags": []
  },
  {
    "id": "adc6dad1-8159-403d-aef1-eed6ccfe1c7b",
    "name": "No-Code/Low-Code Tool 19",
    "description": "Specialized ai no-code/low-code solution for enterprise and personal use",
    "category": "AI No-Code/Low-Code",
    "pricing": "{\"model\":\"Varies\",\"details\":\"Pricing varies by tier and usage\"}",
    "url": "https://no-code/low-code19.com",
    "official_website": "https://no-code/low-code19.com",
    "tags": []
  },
  {
    "id": "add559bf-f073-4f1f-975b-5885d3974000",
    "name": "NotebookLM",
    "description": "Google NotebookLM is an AI-powered note-taking and research assistant tool designed to help users organize, analyze, and gain insights from their collected information. It allows users to upload various types of documents, including Google Docs, PDFs, text files, and website URLs, and then uses artificial intelligence to summarize key details, answer questions, and generate new ideas based on the uploaded content. NotebookLM stands out from other AI chatbots by \"grounding\" its language model in ",
    "category": "General",
    "pricing": "Unknown",
    "url": "https://futuretools.link/notebooklm",
    "official_website": "https://futuretools.link/notebooklm",
    "tags": []
  },
  {
    "id": "af04730805e9",
    "name": "Notion Mail",
    "description": "AI-powered email client integrated into Notion workspace with Auto Label for intelligent inbox filtering, AI-generated email summaries, scheduling capabilities, and customizable templates.",
    "category": "Productivity",
    "pricing": "Premium",
    "url": "https://www.notion.com/product/mail",
    "official_website": "https://www.notion.com/product/mail",
    "tags": [
      "ai-labeling",
      "scheduling",
      "email-client",
      "summarization",
      "notion-integration"
    ]
  },
  {
    "id": "afefa451-c938-4734-8242-50716cc6eecc",
    "name": "NEST",
    "description": "Specialized AI and simulation tool for specific research domains",
    "category": "Model Library",
    "pricing": "Open Source",
    "url": "https://nest.org",
    "official_website": "https://nest.org",
    "tags": []
  },
  {
    "id": "b19bf601-81be-4ec5-a4db-9a015774dbde",
    "name": "No-Code/Low-Code Tool 11",
    "description": "Specialized ai no-code/low-code solution for enterprise and personal use",
    "category": "AI No-Code/Low-Code",
    "pricing": "{\"model\":\"Varies\",\"details\":\"Pricing varies by tier and usage\"}",
    "url": "https://no-code/low-code11.com",
    "official_website": "https://no-code/low-code11.com",
    "tags": []
  },
  {
    "id": "b1a3244e-0abe-49ef-931a-bf54d9ae4e6e",
    "name": "Novelcrafter",
    "description": "Comprehensive online writing platform for authors with 131K+ authors. Features The Codex (wiki system), planning modes, series support, collaboration tools, and smart AI that connects to multiple AI models (OpenAI, Anthropic, Google, Meta, local models).",
    "category": "AI Writing Tools",
    "pricing": "Premium",
    "url": "https://www.novelcrafter.com/",
    "official_website": "https://www.novelcrafter.com/",
    "tags": []
  },
  {
    "id": "b2355c71-cf97-44a5-820d-ee00fdb129ea",
    "name": "Nextbrowser",
    "description": "No description available.",
    "category": "General",
    "pricing": "Unknown",
    "url": "https://futuretools.link/nextbrowser-com",
    "official_website": "https://futuretools.link/nextbrowser-com",
    "tags": []
  },
  {
    "id": "b23ef4c9-0892-4897-a8dc-c35237d12117",
    "name": "Noteable",
    "description": "Data science notebooks",
    "category": "AI Development Platforms",
    "pricing": "Freemium",
    "url": "https://noteable.com",
    "official_website": "https://noteable.com",
    "tags": []
  },
  {
    "id": "b3180e0a4ffc",
    "name": "Neural Newsletters",
    "description": "AI-driven tool automating newsletter creation and distribution.",
    "category": "Writing Generators, Email Assistant",
    "pricing": "Free Trial",
    "url": "https://neuralnewsletters.com/",
    "official_website": "https://neuralnewsletters.com/",
    "tags": []
  },
  {
    "id": "b37a13ef93e8",
    "name": "NLTK",
    "description": "NLTK -- the Natural Language Toolkit -- is a suite of open source Python modules, data sets, and tutorials supporting research and development in Natural Language Processing.",
    "category": "Natural Language Processing",
    "pricing": "Not Specified",
    "url": "https://www.nltk.org",
    "official_website": "https://www.nltk.org",
    "tags": [
      "Supports research and development in Natural Language Processing",
      "Provides tutorials",
      "Requires Python version 3.9, 3.10, 3.11 or 3.12",
      "Suite of open source Python modules",
      "Includes data sets"
    ]
  },
  {
    "id": "b5a3a4bf-d004-4561-83d7-7a1181aa32a8",
    "name": "NTT Data AI",
    "description": "IT services AI",
    "category": "Specialized AI Services",
    "pricing": "Freemium",
    "url": "https://nttdata.com",
    "official_website": "https://nttdata.com",
    "tags": []
  },
  {
    "id": "b65eeb1157dd",
    "name": "n8n AI Workflow Builder",
    "description": "AI workflow automation tool",
    "category": "Open Source",
    "pricing": "Not Specified",
    "url": "https://n8n.io",
    "official_website": "https://n8n.io",
    "tags": []
  },
  {
    "id": "b7657c6e5792",
    "name": "Notion",
    "description": "AI-enhanced workspace",
    "category": "Productivity",
    "pricing": "Not Specified",
    "url": "https://notion.so/",
    "official_website": "https://notion.so/",
    "tags": [
      "GitHub Community"
    ]
  },
  {
    "id": "b7e3124e3d85",
    "name": "Nora",
    "description": "AI development tool",
    "category": "Artificial Intelligence, Developer Tools",
    "pricing": "Not Specified",
    "url": "https://nora.ai",
    "official_website": "https://nora.ai",
    "tags": []
  },
  {
    "id": "b8374cea-3746-4481-a8ad-4cfa59415ff7",
    "name": "No-Code/Low-Code Tool 15",
    "description": "Specialized ai no-code/low-code solution for enterprise and personal use",
    "category": "AI No-Code/Low-Code",
    "pricing": "{\"model\":\"Varies\",\"details\":\"Pricing varies by tier and usage\"}",
    "url": "https://no-code/low-code15.com",
    "official_website": "https://no-code/low-code15.com",
    "tags": []
  },
  {
    "id": "b879d6b9-0c20-4e23-a13f-3579459f8713",
    "name": "No-Code/Low-Code Tool 9",
    "description": "Specialized ai no-code/low-code solution for enterprise and personal use",
    "category": "AI No-Code/Low-Code",
    "pricing": "{\"model\":\"Varies\",\"details\":\"Pricing varies by tier and usage\"}",
    "url": "https://no-code/low-code9.com",
    "official_website": "https://no-code/low-code9.com",
    "tags": []
  },
  {
    "id": "bced9e6f8ff4",
    "name": "n8n",
    "description": "Open-source workflow automation tool with self-hosting options, broad integration capabilities, advanced technical features, and flexible deployment for engineers and developers.",
    "category": "Productivity",
    "pricing": "Freemium",
    "url": "https://n8n.io",
    "official_website": "https://n8n.io",
    "tags": [
      "self-hosting",
      "engineer-focused",
      "flexible-deployment",
      "open-source",
      "technical-features"
    ]
  },
  {
    "id": "beabc275-1fcb-492e-b989-b2f27d5d0440",
    "name": "Namelix",
    "description": "AI-driven, generates memorable, brandable business names efficiently.",
    "category": "Other",
    "pricing": "Free",
    "url": "https://www.futurepedia.io/tool/namelix",
    "official_website": "https://www.futurepedia.io/tool/namelix",
    "tags": []
  },
  {
    "id": "c07364f7-624d-4b34-99c6-a9d999afa6f1",
    "name": "NeuralTalk AI",
    "description": "NeuralTalk AI is a sophisticated conversational AI platform that enables businesses to create custom chatbots without coding skills. The tool leverages artificial intelligence to learn from your specific business content, including websites, documents, and knowledge bases, allowing it to provide accurate and contextually relevant responses to customer inquiries. What sets NeuralTalk AI apart is its ability to automatically recrawl information sources to keep responses up-to-date, along with its",
    "category": "General",
    "pricing": "Unknown",
    "url": "https://futuretools.link/neuraltalk-ai",
    "official_website": "https://futuretools.link/neuraltalk-ai",
    "tags": []
  },
  {
    "id": "c20cf28a-8916-42c4-a564-3a7eec23b801",
    "name": "No-Code/Low-Code Tool 31",
    "description": "Specialized ai no-code/low-code solution for enterprise and personal use",
    "category": "AI No-Code/Low-Code",
    "pricing": "{\"model\":\"Varies\",\"details\":\"Pricing varies by tier and usage\"}",
    "url": "https://no-code/low-code31.com",
    "official_website": "https://no-code/low-code31.com",
    "tags": []
  },
  {
    "id": "c31cb60a83cd",
    "name": "NLTK",
    "description": "Specialized AI tool for linguistics applications",
    "category": "Linguistics",
    "pricing": "Open Source",
    "url": "https://nltk.org",
    "official_website": "https://nltk.org",
    "tags": []
  },
  {
    "id": "c3bf8349-823e-4104-9538-09b22872a62e",
    "name": "No-Code/Low-Code Tool 7",
    "description": "Specialized ai no-code/low-code solution for enterprise and personal use",
    "category": "AI No-Code/Low-Code",
    "pricing": "{\"model\":\"Varies\",\"details\":\"Pricing varies by tier and usage\"}",
    "url": "https://no-code/low-code7.com",
    "official_website": "https://no-code/low-code7.com",
    "tags": []
  },
  {
    "id": "c480928d6aef",
    "name": "notabl.ai",
    "description": "Summarize YouTube videos into custom formats",
    "category": "Productivity, Content Analysis",
    "pricing": "Paid",
    "url": "https://notabl.ai",
    "official_website": "https://notabl.ai",
    "tags": []
  },
  {
    "id": "c8bad1a0b3b1",
    "name": "NVIDIA Research",
    "description": "Specialized AI tool for emerging ai applications",
    "category": "Emerging AI",
    "pricing": "Open Source",
    "url": "https://nvidiaresearch.com",
    "official_website": "https://nvidiaresearch.com",
    "tags": []
  },
  {
    "id": "c97a6733-fc78-428c-b90b-3f19dfe5536b",
    "name": "Notion AI",
    "description": "AI-powered workspace where Agents manage projects, automate updates, and handle writing, database tasks, and integrations across your tools inside Notion",
    "category": "Productivity",
    "pricing": "Unknown",
    "url": "https://link.aitoolsdirectory.com/notion",
    "official_website": "https://link.aitoolsdirectory.com/notion",
    "tags": []
  },
  {
    "id": "c99b7c7a9226",
    "name": "Neural Newsletters",
    "description": "Generate, customize, and publish newsletters effortlessly, tailored to your audience's needs and interests.",
    "category": "Marketing, Content Creation",
    "pricing": "Contact for Pricing",
    "url": "https://neuralnewsletters.ai",
    "official_website": "https://neuralnewsletters.ai",
    "tags": []
  },
  {
    "id": "cb4d2ef0-8b7b-41b1-a264-fa041c9ea343",
    "name": "NLTK",
    "description": "Specialized AI tool for linguistics applications",
    "category": "Linguistics",
    "pricing": "Open Source",
    "url": "https://nltk.org",
    "official_website": "https://nltk.org",
    "tags": []
  },
  {
    "id": "cd167a5d-3e4c-4715-914b-57965aa1ec35",
    "name": "Noah AI",
    "description": "No description available.",
    "category": "General",
    "pricing": "Unknown",
    "url": "https://futuretools.link/noahai-co",
    "official_website": "https://futuretools.link/noahai-co",
    "tags": []
  },
  {
    "id": "cd975c6a-e3c4-40b1-ac2b-e5b40d95b7c0",
    "name": "NetworkX",
    "description": "Python package for network analysis",
    "category": "AI Development Platforms",
    "pricing": "Freemium",
    "url": "https://networkx.com",
    "official_website": "https://networkx.com",
    "tags": []
  },
  {
    "id": "d35d339f-ce04-487e-97eb-85e14b8e9a16",
    "name": "NotebookLM",
    "description": "AI research assistant that allows users to upload PDF and document sources, then chat with them selectively turning sources on/off to get different answers, perfect for understanding relationships in large datasets.",
    "category": "AI Productivity",
    "pricing": "Free",
    "url": "https://notebooklm.google.com",
    "official_website": "https://notebooklm.google.com",
    "tags": []
  },
  {
    "id": "d8694abf-85db-40ee-8893-c7b79f17584a",
    "name": "No-Code/Low-Code Tool 5",
    "description": "Specialized ai no-code/low-code solution for enterprise and personal use",
    "category": "AI No-Code/Low-Code",
    "pricing": "{\"model\":\"Varies\",\"details\":\"Pricing varies by tier and usage\"}",
    "url": "https://no-code/low-code5.com",
    "official_website": "https://no-code/low-code5.com",
    "tags": []
  },
  {
    "id": "db509d5413cd",
    "name": "n8n",
    "description": "Specialized AI tool for research automation applications",
    "category": "Research Automation",
    "pricing": "Open Source",
    "url": "https://n8n.com",
    "official_website": "https://n8n.com",
    "tags": []
  },
  {
    "id": "dbf3d11e-4f28-4f78-90e5-9a87a3060de3",
    "name": "Natural Voices",
    "description": "AI-powered audio and voice solution",
    "category": "AI Audio & Voice",
    "pricing": "{\"model\":\"Varies\",\"details\":\"Pricing varies by tier and usage\"}",
    "url": "https://www.naturalvoices.com",
    "official_website": "https://www.naturalvoices.com",
    "tags": []
  },
  {
    "id": "dc6c6fd0-caa7-461f-a63c-2b1baebe878b",
    "name": "No-Code/Low-Code Tool 28",
    "description": "Specialized ai no-code/low-code solution for enterprise and personal use",
    "category": "AI No-Code/Low-Code",
    "pricing": "{\"model\":\"Varies\",\"details\":\"Pricing varies by tier and usage\"}",
    "url": "https://no-code/low-code28.com",
    "official_website": "https://no-code/low-code28.com",
    "tags": []
  },
  {
    "id": "de2ac131-e0f2-4d33-9f93-76cad2290577",
    "name": "NUS AI Research",
    "description": "AI research laboratory with tools and frameworks for artificial intelligence research",
    "category": "AI Research",
    "pricing": "Open Source",
    "url": "https://ai.nus.edu",
    "official_website": "https://ai.nus.edu",
    "tags": []
  },
  {
    "id": "e12e7982-7216-4a73-8c75-4e889aa76f95",
    "name": "Netlify",
    "description": "Frontend hosting platform",
    "category": "AI Development Platforms",
    "pricing": "Freemium",
    "url": "https://netlify.com",
    "official_website": "https://netlify.com",
    "tags": []
  },
  {
    "id": "e4cfe595366a",
    "name": "NVivo",
    "description": "Specialized AI tool for qualitative analysis applications",
    "category": "Qualitative Analysis",
    "pricing": "Open Source",
    "url": "https://nvivo.com",
    "official_website": "https://nvivo.com",
    "tags": []
  },
  {
    "id": "e51bcfb2-6879-4b7f-a57c-29ee35786e2a",
    "name": "No-Code/Low-Code Tool 32",
    "description": "Specialized ai no-code/low-code solution for enterprise and personal use",
    "category": "AI No-Code/Low-Code",
    "pricing": "{\"model\":\"Varies\",\"details\":\"Pricing varies by tier and usage\"}",
    "url": "https://no-code/low-code32.com",
    "official_website": "https://no-code/low-code32.com",
    "tags": []
  },
  {
    "id": "e7a4d09b-3c35-4d11-93ae-98ad3e1e0dbe",
    "name": "NetSuite AI",
    "description": "AI-enhanced ERP platform",
    "category": "AI Business & Finance",
    "pricing": "{\"model\":\"Freemium\",\"details\":\"Free tier available with premium plans\"}",
    "url": "netsuiteai",
    "official_website": "netsuiteai",
    "tags": []
  },
  {
    "id": "eb6d8b107a69",
    "name": "NEURON",
    "description": "Specialized AI and simulation tool for specific research domains",
    "category": "Model Library",
    "pricing": "Open Source",
    "url": "https://neuron.org",
    "official_website": "https://neuron.org",
    "tags": []
  },
  {
    "id": "ebe8d7a29447",
    "name": "n8n",
    "description": "Open-source workflow automation tool for connecting APIs and services.",
    "category": "Automation",
    "pricing": "Open Source",
    "url": "https://n8n.io/",
    "official_website": "https://n8n.io/",
    "tags": [
      "automation",
      "workflow"
    ]
  },
  {
    "id": "ed339bd3-a8b4-460b-b226-d91043cb1e2c",
    "name": "Notion AI",
    "description": "Notion AI is an advanced AI-powered tool designed to enhance productivity and streamline workflows. It offers cutting-edge features and capabilities to help users achieve better results faster.",
    "category": "AI Marketing",
    "pricing": "Premium",
    "url": "https://futuretools.link/notion-ai",
    "official_website": "https://futuretools.link/notion-ai",
    "tags": []
  },
  {
    "id": "f145206920b2",
    "name": "NaturalReader",
    "description": "User-friendly AI text-to-speech application with 200+ voices across 50+ languages. Features LLM-powered multilingual voices, voice cloning, content-aware pronunciation, and accessibility-focused design for educational use.",
    "category": "Productivity",
    "pricing": "Freemium",
    "url": "https://www.naturalreaders.com/",
    "official_website": "https://www.naturalreaders.com/",
    "tags": [
      "accessibility",
      "llm-voices",
      "multilingual",
      "user-friendly",
      "educational"
    ]
  },
  {
    "id": "f31a96a3-3c8a-466c-b609-9793314fe26a",
    "name": "Nrev AI",
    "description": "nRev AI is positioned as an Agent OS that enables go-to-market teams to build and run advanced automation workflows for growth, sales, and revenue operations. The platform provides prebuilt playbooks covering areas like LinkedIn outreach, inbound lead capture, competitor intelligence, CRM hygiene, and product-led growth activation. Its automation engine connects multiple touchpoints, from enriching and scoring leads to syncing calendars, sending deal alerts, and ensuring data quality. By handlin",
    "category": "General",
    "pricing": "Unknown",
    "url": "https://futuretools.link/nrev-ai",
    "official_website": "https://futuretools.link/nrev-ai",
    "tags": []
  },
  {
    "id": "f3484b4c-3d9f-410c-8871-6ce033c49a38",
    "name": "Namely AI",
    "description": "AI-powered HR for mid-sized companies",
    "category": "AI Business & Finance",
    "pricing": "{\"model\":\"Freemium\",\"details\":\"Free tier available with premium plans\"}",
    "url": "namelyai",
    "official_website": "namelyai",
    "tags": []
  },
  {
    "id": "f39252ec39d9",
    "name": "NEST",
    "description": "Specialized AI and simulation tool for specific research domains",
    "category": "Model Library",
    "pricing": "Open Source",
    "url": "https://nest.org",
    "official_website": "https://nest.org",
    "tags": []
  },
  {
    "id": "f76e33e67e0d",
    "name": "Notion AI",
    "description": "Write better, more efficient notes and docs",
    "category": "Productivity",
    "pricing": "Not Specified",
    "url": "https://www.notion.so/product/ai",
    "official_website": "https://www.notion.so/product/ai",
    "tags": [
      "GitHub Community"
    ]
  },
  {
    "id": "f77a73e2a118",
    "name": "Novel",
    "description": "Novel is an open-source Notion-style WYSYWIG editor with AI-powered autocompletions \u2728 Built with Next.js Tiptap, OpenAI, and the Vercel AI SDK.",
    "category": "Note and writing apps, Writing assistants",
    "pricing": "Not Specified",
    "url": "https://novel.sh",
    "official_website": "https://novel.sh",
    "tags": []
  },
  {
    "id": "f93242da7a2f",
    "name": "Notion",
    "description": "Academic writing and documentation tools for research projects",
    "category": "Academic Writing",
    "pricing": "Free/Commercial",
    "url": "https://notion.com",
    "official_website": "https://notion.com",
    "tags": []
  },
  {
    "id": "fa0df4dcd345",
    "name": "n8n-io/n8n",
    "description": "n8n is a workflow automation platform with flexibility of code with speed of no-code",
    "category": "General",
    "pricing": "Unknown",
    "url": "https://github.com/n8n-io/n8n",
    "official_website": "https://github.com/n8n-io/n8n",
    "tags": []
  },
  {
    "id": "fac5eaf6-645d-4e76-8ca7-6b995a699916",
    "name": "No-Code/Low-Code Tool 17",
    "description": "Specialized ai no-code/low-code solution for enterprise and personal use",
    "category": "AI No-Code/Low-Code",
    "pricing": "{\"model\":\"Varies\",\"details\":\"Pricing varies by tier and usage\"}",
    "url": "https://no-code/low-code17.com",
    "official_website": "https://no-code/low-code17.com",
    "tags": []
  },
  {
    "id": "fbcfcf66-473e-469e-a221-9b04a0699508",
    "name": "nsfw_image_detector",
    "description": "AI model nsfw_image_detector from Freepik on Hugging Face Hub",
    "category": "ai-model",
    "pricing": "Unknown",
    "url": "https://huggingface.co/Freepik/nsfw_image_detector",
    "official_website": "https://huggingface.co/Freepik/nsfw_image_detector",
    "tags": []
  },
  {
    "id": "fd422c8cfdb3",
    "name": "ner-english-fast",
    "description": "AI model ner-english-fast from flair on Hugging Face Hub",
    "category": "ai-model",
    "pricing": "Not Specified",
    "url": "https://huggingface.co/flair/ner-english-fast",
    "official_website": "https://huggingface.co/flair/ner-english-fast",
    "tags": []
  },
  {
    "id": "fd56df6f-6f66-4d8b-ae8d-55a4e8dd0797",
    "name": "Neptune.ai",
    "description": "ML metadata store",
    "category": "AI Development Platforms",
    "pricing": "Freemium",
    "url": "https://neptune.ai.com",
    "official_website": "https://neptune.ai.com",
    "tags": []
  },
  {
    "id": "fdfbb885-6c88-466a-8070-26ef1a920440",
    "name": "NaturalReader",
    "description": "User-friendly AI text-to-speech application with 200+ voices across 50+ languages. Features LLM-powered multilingual voices, voice cloning, content-aware pronunciation, and accessibility-focused design for educational use.",
    "category": "AI Productivity",
    "pricing": "Free",
    "url": "https://www.naturalreaders.com/",
    "official_website": "https://www.naturalreaders.com/",
    "tags": []
  }
]