[
  {
    "id": "0a27759ed9be",
    "name": "Uizard",
    "description": "AI-powered UI/UX design tool that transforms product ideas into wireframes, mockups, and prototypes instantly. Perfect for rapid prototyping and design iteration without coding skills required.",
    "category": "Design",
    "pricing": "Freemium",
    "url": "https://uizard.io/",
    "official_website": "https://uizard.io/",
    "tags": [
      "collaboration",
      "wireframes",
      "rapid-design",
      "prototyping",
      "ui-ux"
    ]
  },
  {
    "id": "0ce9e604-5ec9-4abf-80b4-321042990797",
    "name": "Udacity AI",
    "description": "AI-powered nanodegree programs",
    "category": "AI Education",
    "pricing": "{\"model\":\"Freemium\",\"details\":\"Free tier available with premium plans\"}",
    "url": "udacityai",
    "official_website": "udacityai",
    "tags": []
  },
  {
    "id": "1324b61a-8b47-470f-aecc-e429c6db4be5",
    "name": "UnAIMyText",
    "description": "Transform AI-Generated Content into Natural, Human-Like Text",
    "category": "AI Rewriter",
    "pricing": "Unknown",
    "url": "https://freeaitool.ai/tool/unaimytext",
    "official_website": "https://freeaitool.ai/tool/unaimytext",
    "tags": []
  },
  {
    "id": "1390007a96f1",
    "name": "unknown",
    "description": "AI model unknown from unknown on Hugging Face Hub",
    "category": "ai-model",
    "pricing": "Not Specified",
    "url": "https://huggingface.co/roberta-base",
    "official_website": "https://huggingface.co/roberta-base",
    "tags": []
  },
  {
    "id": "18536bff-98f8-432b-b5c6-e620692ceac8",
    "name": "Uber AI",
    "description": "Transportation and logistics AI",
    "category": "Specialized AI Services",
    "pricing": "Freemium",
    "url": "https://uber.com",
    "official_website": "https://uber.com",
    "tags": []
  },
  {
    "id": "1f0e50b7873f",
    "name": "Umami",
    "description": "Simple, fast, and privacy-focused web analytics with pageview tracking, device detection, visitor origin analysis, and real-time tracking. Features clean, intuitive interface and basic event tracking.",
    "category": "Analytics",
    "pricing": "Free",
    "url": "https://umami.is/",
    "official_website": "https://umami.is/",
    "tags": [
      "simple-fast",
      "device-detection",
      "pageview-tracking",
      "visitor-origin",
      "privacy-focused",
      "real-time-tracking"
    ]
  },
  {
    "id": "22b0d1be-4c09-4360-b0c2-436d3fbb8b73",
    "name": "Unity Cloud Build",
    "description": "Cloud build service",
    "category": "AI Development Platforms",
    "pricing": "Freemium",
    "url": "https://unity.com",
    "official_website": "https://unity.com",
    "tags": []
  },
  {
    "id": "271c02186120",
    "name": "UCI Machine Learning Repository",
    "description": "Collection of databases, domain theories, and data generators for machine learning research",
    "category": "Dataset Tool",
    "pricing": "Free",
    "url": "https://archive.ics.uci.edu",
    "official_website": "https://archive.ics.uci.edu",
    "tags": []
  },
  {
    "id": "2c0b0a15-cb60-4155-a761-c0233ec583cd",
    "name": "Unbounce AI",
    "description": "Feature-rich AI landing page builder providing customizable templates and AI to generate copy and optimize pages. Features Dynamic text replacement, Smart Traffic AI optimization, A/B testing, pop-ups, and 100+ templates with drag-and-drop tools.",
    "category": "AI Productivity",
    "pricing": "Premium",
    "url": "https://unbounce.com/",
    "official_website": "https://unbounce.com/",
    "tags": []
  },
  {
    "id": "31326c48-f6ab-4d70-9f4f-c091df5f61aa",
    "name": "Udemy",
    "description": "Online course marketplace with AI-powered personalized course recommendations",
    "category": "Business Growth",
    "pricing": "Free",
    "url": "https://udemy.com",
    "official_website": "https://udemy.com",
    "tags": []
  },
  {
    "id": "4144f8a2-6d90-4b72-9310-868a717fb614",
    "name": "UGENE",
    "description": "Specialized AI tool for bioinformatics applications",
    "category": "Bioinformatics",
    "pricing": "Open Source",
    "url": "https://ugene.com",
    "official_website": "https://ugene.com",
    "tags": []
  },
  {
    "id": "485b2f41-b634-43e3-ae44-2344ed37ff12",
    "name": "UKG AI",
    "description": "AI-enhanced workforce management",
    "category": "AI Business & Finance",
    "pricing": "{\"model\":\"Freemium\",\"details\":\"Free tier available with premium plans\"}",
    "url": "ukgai",
    "official_website": "ukgai",
    "tags": []
  },
  {
    "id": "49897ac0-2ced-4d89-b3f9-6a272cf86a4e",
    "name": "Upscale.media",
    "description": "AI image upscaling and enhancement",
    "category": "AI Design",
    "pricing": "{\"model\":\"Freemium\",\"details\":\"Free tier available with premium plans\"}",
    "url": "https://upscale.media",
    "official_website": "https://upscale.media",
    "tags": []
  },
  {
    "id": "561961b5-113e-4e54-b338-8998c78e4cf2",
    "name": "Unshift AI",
    "description": "Unshift AI is a powerful AI-assisted website builder that enables users to visually design web pages and export them as clean, developer-ready code for frameworks like NextJS, Svelte, or HTML. The platform combines the ease of drag-and-drop design with the technical control developers require, allowing for rapid prototyping without vendor lock-in. Unshift AI's standout feature is its AI content generation capability, which helps users create text, content blocks, and templates effortlessly, stre",
    "category": "General",
    "pricing": "Unknown",
    "url": "https://futuretools.link/unshift-ai",
    "official_website": "https://futuretools.link/unshift-ai",
    "tags": []
  },
  {
    "id": "651a186d-e269-4ae9-80be-aa99d849cc89",
    "name": "UiPath",
    "description": "Robotic process automation platform",
    "category": "AI Business & Finance",
    "pricing": "{\"model\":\"Freemium\",\"details\":\"Free tier available with premium plans\"}",
    "url": "uipath",
    "official_website": "uipath",
    "tags": []
  },
  {
    "id": "6bb2ae0d4bcd",
    "name": "ucbrise/clipper",
    "description": "Model server project with standard RESTful API supporting TensorFlow, Scikit-learn, Caffe",
    "category": "General",
    "pricing": "Unknown",
    "url": "https://github.com/ucbrise/clipper",
    "official_website": "https://github.com/ucbrise/clipper",
    "tags": []
  },
  {
    "id": "6d1db1c9-53fb-4987-87fc-9d4d01dacffe",
    "name": "unknown",
    "description": "AI model unknown from unknown on Hugging Face Hub",
    "category": "ai-model",
    "pricing": "Unknown",
    "url": "https://huggingface.co/roberta-base",
    "official_website": "https://huggingface.co/roberta-base",
    "tags": []
  },
  {
    "id": "88201a40-194d-4e5a-af23-eb4ee83d3b4f",
    "name": "UnSoloMind",
    "description": "UnSoloMind is an AI-powered knowledge assistant platform that helps teams reduce repetitive questions by turning company documentation into an always-available chat-based support tool. Users upload business knowledge such as files, notes, and documentation, and the AI learns from it to provide instant, 24/7 answers to team members through a chat interface. Instead of relying on scattered information in wikis or Slack threads, teams can centralize knowledge and ensure easy access to accurate answ",
    "category": "General",
    "pricing": "Unknown",
    "url": "https://futuretools.link/unsolomind-com",
    "official_website": "https://futuretools.link/unsolomind-com",
    "tags": []
  },
  {
    "id": "8869501d64e4",
    "name": "Uberduck AI",
    "description": "AI vocals and text-to-speech platform offering text-to-speech, text-to-singing, and text-to-rapping capabilities. Features voice cloning, AI image generation, and comprehensive developer APIs for creative applications.",
    "category": "Voice",
    "pricing": "Freemium",
    "url": "https://www.uberduck.ai/",
    "official_website": "https://www.uberduck.ai/",
    "tags": [
      "ai-image-generation",
      "text-to-rapping",
      "text-to-singing",
      "developer-api",
      "creative"
    ]
  },
  {
    "id": "8920e51f-cc78-4378-81a7-45890ba4ba3a",
    "name": "Updaytr",
    "description": "Updaytr is a voice-based AI management platform that converts spoken phone calls into organized, structured content automatically. Users can call an AI agent to share updates, brainstorm ideas, or record personal stories, which the system then processes and delivers as formatted reports via email on a chosen schedule. Designed for business teams, learners, and individuals alike, Updaytr eliminates manual note-taking and data entry by capturing information conversationally. Its specialized agents",
    "category": "General",
    "pricing": "Unknown",
    "url": "https://futuretools.link/updaytr-com",
    "official_website": "https://futuretools.link/updaytr-com",
    "tags": []
  },
  {
    "id": "93043dcd-84be-43be-b7f2-527025580a62",
    "name": "Uizard AI",
    "description": "AI design tool for UI/UX from sketches",
    "category": "AI Design",
    "pricing": "{\"model\":\"Freemium\",\"details\":\"Free tier available with premium plans\"}",
    "url": "uizardai",
    "official_website": "uizardai",
    "tags": []
  },
  {
    "id": "a3e1bfad17af",
    "name": "UI.Vision RPA",
    "description": "Specialized AI tool for research automation applications",
    "category": "Research Automation",
    "pricing": "Open Source",
    "url": "https://ui.visionrpa.com",
    "official_website": "https://ui.visionrpa.com",
    "tags": []
  },
  {
    "id": "a728402d6a95",
    "name": "Unify",
    "description": "All-in-one signals platform compiling person and company-level data.",
    "category": "Sales Intelligence",
    "pricing": "$700/month",
    "url": "https://www.unify.id/",
    "official_website": "https://www.unify.id/",
    "tags": [
      "intelligence",
      "sales"
    ]
  },
  {
    "id": "ab347c8c-a4b1-4dea-a6e0-4744c6fac1a7",
    "name": "UX Pilot",
    "description": "UX Pilot is an AI-powered design platform that transforms text prompts into complete UI/UX designs, enabling designers and product teams to rapidly generate professional layouts, flows, and components without extensive manual work. The tool leverages artificial intelligence to automate the design process while maintaining UX best practices, offering features like predictive heatmaps for user attention analysis, AI-based design scoring, and the ability to customize visual styles through text comm",
    "category": "General",
    "pricing": "Unknown",
    "url": "https://futuretools.link/uxpilot-ai",
    "official_website": "https://futuretools.link/uxpilot-ai",
    "tags": []
  },
  {
    "id": "ab46c784-c41f-470c-944f-463573c176a8",
    "name": "UpGuard",
    "description": "Cyber threat detection tool with insider threat mitigation and risk scoring capabilities",
    "category": "Cybersecurity",
    "pricing": "Enterprise",
    "url": "https://www.upguard.com",
    "official_website": "https://www.upguard.com",
    "tags": []
  },
  {
    "id": "ad89a8a7-8858-47a3-9182-b8c0c016a665",
    "name": "Udacity AI",
    "description": "AI-powered education solution",
    "category": "AI Education",
    "pricing": "{\"model\":\"Varies\",\"details\":\"Pricing varies by tier and usage\"}",
    "url": "https://www.udacityai.com",
    "official_website": "https://www.udacityai.com",
    "tags": []
  },
  {
    "id": "b97bf37dedc8",
    "name": "Undetectable ChatGPT Chrome Extension",
    "description": "Invisible ChatGPT integration for seamless, discreet browsing.",
    "category": "productivity",
    "pricing": "Free",
    "url": "https://chromewebstore.google.com",
    "official_website": "https://chromewebstore.google.com",
    "tags": []
  },
  {
    "id": "b98755d7-7ed6-4be3-b141-a20f3073ce3b",
    "name": "Udio",
    "description": "AI music creation and composition",
    "category": "AI Audio & Voice",
    "pricing": "{\"model\":\"Freemium\",\"details\":\"Free tier available with premium plans\"}",
    "url": "udio",
    "official_website": "udio",
    "tags": []
  },
  {
    "id": "b9cbf093-6c58-409b-8d6c-9148c5564c66",
    "name": "UPS AI",
    "description": "Delivery optimization AI",
    "category": "Specialized AI Services",
    "pricing": "Freemium",
    "url": "https://ups.com",
    "official_website": "https://ups.com",
    "tags": []
  },
  {
    "id": "bd5db3ee-26dc-4e50-aea2-e412b67cc9b0",
    "name": "UKG (Ultimate Kronos Group)",
    "description": "Workforce management platform with AI-powered scheduling and analytics",
    "category": "Business Growth",
    "pricing": "Premium",
    "url": "https://ukg.com",
    "official_website": "https://ukg.com",
    "tags": []
  },
  {
    "id": "c4247214e83f",
    "name": "Unbounce AI",
    "description": "Feature-rich AI landing page builder providing customizable templates and AI to generate copy and optimize pages. Features Dynamic text replacement, Smart Traffic AI optimization, A/B testing, pop-ups, and 100+ templates with drag-and-drop tools.",
    "category": "Productivity",
    "pricing": "Premium",
    "url": "https://unbounce.com/",
    "official_website": "https://unbounce.com/",
    "tags": [
      "ai optimization",
      "smart traffic",
      "conversion focused",
      "ab testing",
      "landing page builder",
      "dynamic text"
    ]
  },
  {
    "id": "c5f40d18-1e36-4887-a305-0883a198bdf8",
    "name": "Unicorn Platform",
    "description": "No-code website builder designed for startups, small businesses, and individuals who want to create professional-looking websites without coding skills",
    "category": "Website Builder",
    "pricing": "Unknown",
    "url": "https://alltheaitools.com/tool/unicorn-platform",
    "official_website": "https://alltheaitools.com/tool/unicorn-platform",
    "tags": []
  },
  {
    "id": "df59fa8b-d20b-4db7-8440-c2c9a3bd4b10",
    "name": "Uberduck AI",
    "description": "AI vocals and text-to-speech platform offering text-to-speech, text-to-singing, and text-to-rapping capabilities. Features voice cloning, AI image generation, and comprehensive developer APIs for creative applications.",
    "category": "AI Voice",
    "pricing": "Free",
    "url": "https://www.uberduck.ai/",
    "official_website": "https://www.uberduck.ai/",
    "tags": []
  },
  {
    "id": "e0cd8783b564",
    "name": "Ultralytics",
    "description": "Ultralytics YOLO - Cutting-edge, state-of-the-art YOLO models built on years of foundational research in computer vision and AI",
    "category": "Computer Vision",
    "pricing": "Not Specified",
    "url": "https://www.ultralytics.com/",
    "official_website": "https://www.ultralytics.com/",
    "tags": [
      "Cutting-edge, state-of-the-art YOLO models",
      "Fast, accurate, and easy to use models",
      "Detection, Segmentation, Classification, Pose Estimation, and OBB tasks",
      "Supports YOLO models from YOLOv3 to YOLOv11",
      "CLI and Python API for integration",
      "Object detection, tracking, instance segmentation, image classification, and pose estimation",
      "Ultralytics HUB for data visualization, training, and deployment",
      "Integrations with Weights & Biases, Comet ML, Roboflow, Intel OpenVINO"
    ]
  },
  {
    "id": "e39c6c7e-45e3-4104-86f8-9c76a50f47d6",
    "name": "Uizard",
    "description": "AI-powered UI/UX design tool that transforms product ideas into wireframes, mockups, and prototypes instantly. Perfect for rapid prototyping and design iteration without coding skills required.",
    "category": "AI Design",
    "pricing": "Free",
    "url": "https://uizard.io/",
    "official_website": "https://uizard.io/",
    "tags": []
  },
  {
    "id": "f26f8885-d05f-44c9-9cf1-8f3ac9d8b7ec",
    "name": "Ultralytics",
    "description": "Ultralytics YOLO - Cutting-edge, state-of-the-art YOLO models built on years of foundational research in computer vision and AI",
    "category": "Computer Vision",
    "pricing": "Unknown",
    "url": "https://www.ultralytics.com/",
    "official_website": "https://www.ultralytics.com/",
    "tags": []
  },
  {
    "id": "fb444eaf-f42e-4a52-ab14-1d01c2591a66",
    "name": "Unreal Engine Cloud",
    "description": "Cloud services for Unreal",
    "category": "AI Development Platforms",
    "pricing": "Freemium",
    "url": "https://epicgames.com",
    "official_website": "https://epicgames.com",
    "tags": []
  },
  {
    "id": "fdd097330b56",
    "name": "UGENE",
    "description": "Specialized AI tool for bioinformatics applications",
    "category": "Bioinformatics",
    "pricing": "Open Source",
    "url": "https://ugene.com",
    "official_website": "https://ugene.com",
    "tags": []
  }
]