[
  {
    "id": "00cb9a89-06c9-4276-816f-ae4e8e18df73",
    "name": "Visual Copilot",
    "description": "AI-powered Figma to code conversion tool that transforms designs into clean, production-ready React components and applications.",
    "category": "AI Productivity",
    "pricing": "Premium",
    "url": "https://visualcopilot.com/",
    "official_website": "https://visualcopilot.com/",
    "tags": []
  },
  {
    "id": "06673d2f-60e7-4988-8b7b-357c5124f037",
    "name": "vicuna-7b-v1.5",
    "description": "AI model vicuna-7b-v1.5 from lmsys on Hugging Face Hub",
    "category": "ai-model",
    "pricing": "Unknown",
    "url": "https://huggingface.co/lmsys/vicuna-7b-v1.5",
    "official_website": "https://huggingface.co/lmsys/vicuna-7b-v1.5",
    "tags": []
  },
  {
    "id": "0723268d-966c-4f1f-b8ff-2095d0f1905d",
    "name": "VidGenesis",
    "description": "AI-powered tool for AI Video Generation that helps users streamline workflows and enhance productivity.",
    "category": "AI Video Generation",
    "pricing": "Not specified",
    "url": "https://topai.tools/t/vidgenesis",
    "official_website": "https://topai.tools/t/vidgenesis",
    "tags": []
  },
  {
    "id": "0808afca-1ab8-4688-9b50-17ddd161eb48",
    "name": "Voicemaker",
    "description": "Simple interface voice generator with 1000+ voice options across 130 languages and dialects. Features comprehensive voice modification capabilities including pitch, speed, and volume controls.",
    "category": "AI Productivity",
    "pricing": "Free",
    "url": "https://voicemaker.in/",
    "official_website": "https://voicemaker.in/",
    "tags": []
  },
  {
    "id": "08a327c581c8",
    "name": "v0",
    "description": "AI tool for creating pixel-perfect prototypes from mockups.",
    "category": "Prototyping",
    "pricing": "Free",
    "url": "https://v0.dev/",
    "official_website": "https://v0.dev/",
    "tags": [
      "design",
      "prototyping"
    ]
  },
  {
    "id": "0a9fbb5d4465",
    "name": "vicuna-7b-v1.5",
    "description": "AI model vicuna-7b-v1.5 from lmsys on Hugging Face Hub",
    "category": "ai-model",
    "pricing": "Not Specified",
    "url": "https://huggingface.co/lmsys/vicuna-7b-v1.5",
    "official_website": "https://huggingface.co/lmsys/vicuna-7b-v1.5",
    "tags": []
  },
  {
    "id": "11307d20-e783-4263-9a0d-308fc99a6dd2",
    "name": "VerticalResponse AI",
    "description": "AI-powered email marketing platform that provides intelligent automation, template creation, and campaign optimization.",
    "category": "AI Email Marketing",
    "pricing": "Email Marketing: $15/month, Marketing Pro: $25/month",
    "url": "https://verticalresponse.com",
    "official_website": "https://verticalresponse.com",
    "tags": []
  },
  {
    "id": "14443dd9-7460-41fe-8ff4-38d517d72cbc",
    "name": "vinallama-7b-chat",
    "description": "AI model vinallama-7b-chat from vilm on Hugging Face Hub",
    "category": "ai-model",
    "pricing": "Unknown",
    "url": "https://huggingface.co/vilm/vinallama-7b-chat",
    "official_website": "https://huggingface.co/vilm/vinallama-7b-chat",
    "tags": []
  },
  {
    "id": "16500d63-f31c-4286-b705-53d74c0006f6",
    "name": "Virbo",
    "description": "Wondershare's specialized AI avatar creation platform integrated with their video editing ecosystem. Offers high-quality avatar generation for professional video production.",
    "category": "AI Video Creation",
    "pricing": "Premium",
    "url": "https://virbo.wondershare.com/",
    "official_website": "https://virbo.wondershare.com/",
    "tags": []
  },
  {
    "id": "166d34e01047",
    "name": "visenger/MLOps",
    "description": "MLOps Solutions (Azure based)",
    "category": "General",
    "pricing": "Unknown",
    "url": "https://github.com/visenger/MLOps",
    "official_website": "https://github.com/visenger/MLOps",
    "tags": []
  },
  {
    "id": "17cb5bac-3c4c-4974-af32-9389e6825ab9",
    "name": "Various AI Enhancement Platforms",
    "description": "Multiple emerging AI video enhancement platforms offering cloud-based processing, batch processing, and specialized enhancement for specific video types and quality issues.",
    "category": "AI Video Creation",
    "pricing": "Free",
    "url": "https://www.ai-video-enhancer.com/",
    "official_website": "https://www.ai-video-enhancer.com/",
    "tags": []
  },
  {
    "id": "1c274daa2378",
    "name": "vilt-b32-mlm",
    "description": "\u2022",
    "category": "Model",
    "pricing": "Not Specified",
    "url": "https://huggingface.co/dandelin/vilt-b32-mlm",
    "official_website": "https://huggingface.co/dandelin/vilt-b32-mlm",
    "tags": []
  },
  {
    "id": "1ccd8659-03f2-4f80-b189-e80f0ee809b0",
    "name": "Veracyte",
    "description": "AI-powered genomic diagnostics",
    "category": "AI Healthcare",
    "pricing": "{\"model\":\"Freemium\",\"details\":\"Free tier available with premium plans\"}",
    "url": "veracyte",
    "official_website": "veracyte",
    "tags": []
  },
  {
    "id": "1dc94b33-2fbc-4945-a384-1d9d305caf4b",
    "name": "VDSR",
    "description": "AI very deep super-resolution",
    "category": "AI Design",
    "pricing": "{\"model\":\"Freemium\",\"details\":\"Free tier available with premium plans\"}",
    "url": "vdsr",
    "official_website": "vdsr",
    "tags": []
  },
  {
    "id": "1f18aea0-a3ec-45ea-8388-5012291120f3",
    "name": "vBots",
    "description": "vBots is an AI-powered intelligent assistant designed specifically for insurance brokers and agencies to automate repetitive administrative tasks in their workflow. Leveraging advanced artificial intelligence, vBots handles critical insurance processes like direct bill processing, notice of cancellation management, document retrieval, policy renewals, and data cleanup with minimal human intervention. The AI system integrates directly with agency management systems, learning from existing workflo",
    "category": "General",
    "pricing": "Unknown",
    "url": "https://futuretools.link/vbots-ai",
    "official_website": "https://futuretools.link/vbots-ai",
    "tags": []
  },
  {
    "id": "21686e6f-8343-4e7e-8715-4ec959045202",
    "name": "Verbling",
    "description": "Language tutoring marketplace with AI-powered tutor matching",
    "category": "Business Growth",
    "pricing": "Free",
    "url": "https://verbling.com",
    "official_website": "https://verbling.com",
    "tags": []
  },
  {
    "id": "266a991f-f659-4c50-8521-5789bc4e811d",
    "name": "Vicuna-13B",
    "description": "13B parameter Vicuna model",
    "category": "LLM & Text Generation",
    "pricing": "Freemium",
    "url": "https://lmsys.com",
    "official_website": "https://lmsys.com",
    "tags": []
  },
  {
    "id": "277e2007b555",
    "name": "Voicenotes",
    "description": "Voicenotes is an intelligent note-taking app. Record your thoughts freely, get them transcribed using state-of-the-art AI, and ask about every word you spoke.",
    "category": "Note and writing apps, AI notetakers",
    "pricing": "Not Specified",
    "url": "https://voicenotes.com",
    "official_website": "https://voicenotes.com",
    "tags": []
  },
  {
    "id": "2b1bc4c8-87b6-4650-9277-814d106d40ad",
    "name": "Vicuna 13B v1.5",
    "description": "Chat fine-tuned Llama",
    "category": "LLM & Text Generation",
    "pricing": "Freemium",
    "url": "https://huggingface.com",
    "official_website": "https://huggingface.com",
    "tags": []
  },
  {
    "id": "2c6ef286-14ed-442d-a65c-9f28a6f06a8a",
    "name": "Voicenotes",
    "description": "Voicenotes is an intelligent note-taking app. Record your thoughts freely, get them transcribed using state-of-the-art AI, and ask about every word you spoke.",
    "category": "AI Productivity",
    "pricing": "{\"model\":\"Varies\",\"details\":\"Pricing varies by tool\"}",
    "url": "https://www.producthunt.com/products/voicenotes",
    "official_website": "https://www.producthunt.com/products/voicenotes",
    "tags": []
  },
  {
    "id": "2cc9f861-c4be-4fcf-9b20-ea52cb5b6f7e",
    "name": "Vidvoi",
    "description": "Vidvoi is an AI-powered video tool that makes it simple to add professional-quality voiceovers and captions to short clips. Users can upload a video of up to 90 seconds, and the platform automatically generates a script, narration, and captions. With support for nine languages and multiple voice styles, Vidvoi helps businesses and creators reach wider audiences while boosting engagement and conversions. Pricing tiers range from a free plan with limited downloads to higher plans offering more vid",
    "category": "General",
    "pricing": "Unknown",
    "url": "https://futuretools.link/vidvoi-com",
    "official_website": "https://futuretools.link/vidvoi-com",
    "tags": []
  },
  {
    "id": "2f8fa0831b6e",
    "name": "Voices.com",
    "description": "AI text-to-speech platform using professional voice actor clones. Features ethical AI with consent-based voice licensing, cost-per-word pricing, and integration with real voice actors for collaborative projects.",
    "category": "Productivity",
    "pricing": "Premium",
    "url": "https://www.voices.com/",
    "official_website": "https://www.voices.com/",
    "tags": [
      "voice-actors",
      "ethical-ai",
      "professional-voices",
      "collaboration",
      "cost-effective"
    ]
  },
  {
    "id": "33032b0a-fa00-45fc-990f-6293e28611fd",
    "name": "VibeFlow",
    "description": "VibeFlow is an AI-powered full-stack application generator that transforms natural language prompts into complete web applications with both frontend and backend components. Unlike traditional no-code tools, VibeFlow provides complete transparency and editability of all generated code, allowing users to understand and customize every aspect of their application. The platform leverages artificial intelligence to rapidly build functional apps while maintaining developer control, featuring a visual",
    "category": "General",
    "pricing": "Unknown",
    "url": "https://futuretools.link/vibeflow-ai",
    "official_website": "https://futuretools.link/vibeflow-ai",
    "tags": []
  },
  {
    "id": "3744fcdc-7f7f-4924-b872-16898854a5e9",
    "name": "Vowpal Wabbit",
    "description": "Fast online learning algorithm",
    "category": "AI Development Platforms",
    "pricing": "Freemium",
    "url": "https://yahoo/vowpal.com",
    "official_website": "https://yahoo/vowpal.com",
    "tags": []
  },
  {
    "id": "37bb321ad703",
    "name": "VoiSpark",
    "description": "Voice cloning, TTS, and voiceovers with 11 industry-leading models.",
    "category": "Voice",
    "pricing": "Not Specified",
    "url": "https://saasaitools.com/voispark",
    "official_website": "https://saasaitools.com/voispark",
    "tags": [
      "voice",
      "tts"
    ]
  },
  {
    "id": "3871b95ec18a",
    "name": "VOCI",
    "description": "Voice conversion platform offering real-time voice transformation and cloning capabilities. Features voice synthesis and conversion for gaming, streaming, and creative applications.",
    "category": "Voice",
    "pricing": "Premium",
    "url": "https://voci.ai/",
    "official_website": "https://voci.ai/",
    "tags": [
      "transformation",
      "real-time",
      "voice-conversion",
      "cloning",
      "creative-applications"
    ]
  },
  {
    "id": "3916d75ef70b",
    "name": "vinallama-7b-chat",
    "description": "AI model vinallama-7b-chat from vilm on Hugging Face Hub",
    "category": "ai-model",
    "pricing": "Not Specified",
    "url": "https://huggingface.co/vilm/vinallama-7b-chat",
    "official_website": "https://huggingface.co/vilm/vinallama-7b-chat",
    "tags": []
  },
  {
    "id": "3ab75d530318",
    "name": "Various AI Enhancement Platforms",
    "description": "Multiple emerging AI video enhancement platforms offering cloud-based processing, batch processing, and specialized enhancement for specific video types and quality issues.",
    "category": "Video",
    "pricing": "Freemium",
    "url": "https://www.ai-video-enhancer.com/",
    "official_website": "https://www.ai-video-enhancer.com/",
    "tags": [
      "batch-processing",
      "emerging",
      "multiple-platforms",
      "specialized",
      "cloud-based"
    ]
  },
  {
    "id": "3b18f3f64969",
    "name": "Visual Copilot",
    "description": "AI-powered Figma to code conversion tool that transforms designs into clean, production-ready React components and applications.",
    "category": "Productivity",
    "pricing": "Premium",
    "url": "https://visualcopilot.com/",
    "official_website": "https://visualcopilot.com/",
    "tags": [
      "figma-to-code",
      "design-conversion",
      "react-components",
      "ui-conversion",
      "visual-design",
      "production-ready"
    ]
  },
  {
    "id": "3bb1b18e-7405-46c8-b9e9-2ec5fe8da7ad",
    "name": "vidby",
    "description": "Video translation and dubbing service with 70+ language support and up to 100% accuracy claims. Offers comprehensive subtitle creation and video localization solutions.",
    "category": "AI Video Creation",
    "pricing": "Premium",
    "url": "https://vidby.com/",
    "official_website": "https://vidby.com/",
    "tags": []
  },
  {
    "id": "3e9cf00b-ec34-4d31-b568-3c11717672a0",
    "name": "Vision",
    "description": "Claude's vision capabilities",
    "category": "Computer Vision & Image",
    "pricing": "Freemium",
    "url": "https://anthropic.com",
    "official_website": "https://anthropic.com",
    "tags": []
  },
  {
    "id": "4b7ecafa614f",
    "name": "visenger/Awesome-ML-Model-Governance",
    "description": "A list of scientific and industrial papers and resources about Machine Learning Model Governance",
    "category": "General",
    "pricing": "Unknown",
    "url": "https://github.com/visenger/Awesome-ML-Model-Governance",
    "official_website": "https://github.com/visenger/Awesome-ML-Model-Governance",
    "tags": []
  },
  {
    "id": "4cfeca7c-7424-450c-a455-dc4daec973c1",
    "name": "Vast.ai",
    "description": "GPU marketplace",
    "category": "AI Development Platforms",
    "pricing": "Freemium",
    "url": "https://vast.ai.com",
    "official_website": "https://vast.ai.com",
    "tags": []
  },
  {
    "id": "5561a691-b5a4-4715-9604-3775b1f291c9",
    "name": "Vectra AI",
    "description": "AI-powered network detection and response",
    "category": "AI Security",
    "pricing": "{\"model\":\"Freemium\",\"details\":\"Free tier available with premium plans\"}",
    "url": "vectraai",
    "official_website": "vectraai",
    "tags": []
  },
  {
    "id": "58e1a42f-04bd-4d2e-8506-83e4a19909c6",
    "name": "VWO",
    "description": "Visual Website Optimizer for A/B testing, heatmaps, and conversion rate optimization. Features visual editor, statistical engine, and integration with analytics tools for comprehensive optimization.",
    "category": "Ai Analytics",
    "pricing": "Premium",
    "url": "https://vwo.com/",
    "official_website": "https://vwo.com/",
    "tags": []
  },
  {
    "id": "5c9b5b56e1b2",
    "name": "Void",
    "description": "Void is the open-source Cursor alternative.",
    "category": "IDE, Open Source",
    "pricing": "Open Source",
    "url": "https://voideditor.com/",
    "official_website": "https://voideditor.com/",
    "tags": []
  },
  {
    "id": "603d76d57e86",
    "name": "Vid2txt",
    "description": "Automate transcription, timestamps, and export transcripts with ease.",
    "category": "Transcription, Audio Processing",
    "pricing": "Contact for Pricing",
    "url": "https://vid2txt.com",
    "official_website": "https://vid2txt.com",
    "tags": []
  },
  {
    "id": "604b5c60-09ac-4928-a6a4-16fc2e11ecf8",
    "name": "vLLM",
    "description": "A high-throughput and memory-efficient inference and serving engine for LLMs",
    "category": "LLM Frameworks",
    "pricing": "Unknown",
    "url": "https://docs.vllm.ai",
    "official_website": "https://docs.vllm.ai",
    "tags": []
  },
  {
    "id": "6220d060001f",
    "name": "Vapi",
    "description": "Voice AI for developers",
    "category": "AI Chatbots, AI Voice Agents, Transcription, AI Voice Agent Infrastructure",
    "pricing": "Not Specified",
    "url": "https://vapi.ai",
    "official_website": "https://vapi.ai",
    "tags": []
  },
  {
    "id": "649cc7c1ee7b",
    "name": "Voxwave AI",
    "description": "Transform email campaigns with personalized AI voice cloning and analytics.",
    "category": "Marketing, Email Assistant",
    "pricing": "Contact for Pricing",
    "url": "https://www.voxwaveai.com/",
    "official_website": "https://www.voxwaveai.com/",
    "tags": []
  },
  {
    "id": "64a8bcf986c2",
    "name": "Vance AI",
    "description": "AI image enhancement suite that improves visual quality through upscaling, noise reduction, and sharpening without losing quality. Helps maintain high visual standards in designs for low-resolution assets.",
    "category": "Design",
    "pricing": "Freemium",
    "url": "https://vanceai.com/",
    "official_website": "https://vanceai.com/",
    "tags": [
      "upscaling",
      "visual quality",
      "image enhancement",
      "sharpening",
      "noise reduction",
      "asset improvement"
    ]
  },
  {
    "id": "6a71ed6a-987e-46cd-9d9e-cf6b76ebee79",
    "name": "viaSocket",
    "description": "viaSocket is an AI-powered no-code workflow automation platform that enables users to connect and automate thousands of business apps and APIs through a simple drag and drop interface making it easy to streamline operations synchronize data and eliminate repetitive tasks across marketing sales finance HR and more The platform leverages AI to allow users to create complex workflows using plain language prompts so even non technical team members can quickly set up automations without coding busine",
    "category": "General",
    "pricing": "Unknown",
    "url": "https://futuretools.link/viasocket-com",
    "official_website": "https://futuretools.link/viasocket-com",
    "tags": []
  },
  {
    "id": "6cc682d2019d",
    "name": "Vyond",
    "description": "Animated character video platform with AI-powered motion capture and text-to-video generation. Features Vyond Go for automated content creation and extensive customization options.",
    "category": "Video",
    "pricing": "Premium",
    "url": "https://www.vyond.com/",
    "official_website": "https://www.vyond.com/",
    "tags": [
      "characters",
      "text-to-video",
      "animated",
      "professional",
      "motion-capture"
    ]
  },
  {
    "id": "6daa23aca145",
    "name": "Video Compress",
    "description": "Free AI-powered video compression without quality loss.",
    "category": "Video",
    "pricing": "Free",
    "url": "https://videocompress.ai/",
    "official_website": "https://videocompress.ai/",
    "tags": [
      "compression",
      "video"
    ]
  },
  {
    "id": "71795729-2d49-4676-99aa-0034699fadca",
    "name": "Vectra AI",
    "description": "AI platform for advanced threat detection and incident response with focus on unknown threats",
    "category": "Cybersecurity",
    "pricing": "Enterprise",
    "url": "https://www.vectra.ai",
    "official_website": "https://www.vectra.ai",
    "tags": []
  },
  {
    "id": "734e312af2fd",
    "name": "Visily",
    "description": "Visily is the easiest UX ideation platform that enables teams, regardless of design skills, to brainstorm and design hi-fi app wireframes & prototypes.",
    "category": "Wireframing, Interface design tools, AI Designer",
    "pricing": "Not Specified",
    "url": "https://www.visily.com",
    "official_website": "https://www.visily.com",
    "tags": []
  },
  {
    "id": "766dbd30-d3e5-4fb5-a919-41e9143ce126",
    "name": "Vyrill",
    "description": "No description available.",
    "category": "General",
    "pricing": "Unknown",
    "url": "https://futuretools.link/vyrill-com",
    "official_website": "https://futuretools.link/vyrill-com",
    "tags": []
  },
  {
    "id": "774def4e-c4d2-42a3-8fb4-c5d2d1586232",
    "name": "Vision API",
    "description": "Cloud-based computer vision service for image and video analysis",
    "category": "Cloud AI Services",
    "pricing": "Unknown",
    "url": "https://cloud.google.com/vision",
    "official_website": "https://cloud.google.com/vision",
    "tags": []
  },
  {
    "id": "7ca631b6ca8b",
    "name": "VocAI",
    "description": "Monitor sentiment, visualize feedback, and filter customer preferences for actionable insights.",
    "category": "Customer Service, Analytics",
    "pricing": "Free Trial",
    "url": "https://voc.ai",
    "official_website": "https://voc.ai",
    "tags": []
  },
  {
    "id": "7f8491d7-4e1a-4b7e-8e21-7fbb333c8c6d",
    "name": "Voicemod",
    "description": "Real-time AI voice changer for PC and Mac with 200+ voice effects. Features AI anime voices, soundboard integration, Twitch live extension, console compatibility, and community-sourced voice content.",
    "category": "AI Voice",
    "pricing": "Free",
    "url": "https://www.voicemod.net/",
    "official_website": "https://www.voicemod.net/",
    "tags": []
  },
  {
    "id": "80ecf440-19f9-4278-b26a-4d2fdd483ce6",
    "name": "Vista Social",
    "description": "Social media management hub with AI content repurposing across platforms, unified channel management, engagement tracking, and workflow automation capabilities.",
    "category": "AI Productivity",
    "pricing": "Free",
    "url": "https://vistasocial.com",
    "official_website": "https://vistasocial.com",
    "tags": []
  },
  {
    "id": "8163d9c6-076f-4215-b402-34d0f3c5c2ca",
    "name": "VoiceDrop",
    "description": "VoiceDropAI is an AI-powered platform that creates personalized ringless voicemails delivered directly to recipients' inboxes without the disruption of a phone call. The tool leverages advanced AI voice cloning technology to transform a short sample of your voice into customized messages that sound authentically like you, even when scaled to thousands of contacts. By combining AI voice synthesis with automated delivery systems, VoiceDropAI enables sales teams, real estate professionals, and mark",
    "category": "General",
    "pricing": "Unknown",
    "url": "https://futuretools.link/voicedrop-ai",
    "official_website": "https://futuretools.link/voicedrop-ai",
    "tags": []
  },
  {
    "id": "819db4d0-bc26-4077-a60b-f4ae53097614",
    "name": "Viral Ai Video Maker",
    "description": "Viral Ai Video Maker turns prompts into short-form videos. Designed for TikTok and Reels. Fast generation, HD downloads, credit-based pricing. No editing skills required, no watermark",
    "category": "Text-to-Video",
    "pricing": "Unknown",
    "url": "https://veo3video.me/",
    "official_website": "https://veo3video.me/",
    "tags": []
  },
  {
    "id": "83ea0878-2976-4df6-b772-2ca6500ffb34",
    "name": "Visla",
    "description": "AI-powered video creation platform with text-to-video assembly, filler word removal, and meeting assistant features for corporate communication.",
    "category": "AI Video Creation",
    "pricing": "Premium",
    "url": "https://www.visla.us/",
    "official_website": "https://www.visla.us/",
    "tags": []
  },
  {
    "id": "8442075a-b077-412d-86be-4f92f15ea064",
    "name": "Volusion AI",
    "description": "AI-enhanced online store platform",
    "category": "AI E-commerce",
    "pricing": "{\"model\":\"Freemium\",\"details\":\"Free tier available with premium plans\"}",
    "url": "volusionai",
    "official_website": "volusionai",
    "tags": []
  },
  {
    "id": "855399eb2406",
    "name": "vit5-base",
    "description": "AI model vit5-base from VietAI on Hugging Face Hub",
    "category": "ai-model",
    "pricing": "Not Specified",
    "url": "https://huggingface.co/VietAI/vit5-base",
    "official_website": "https://huggingface.co/VietAI/vit5-base",
    "tags": []
  },
  {
    "id": "8851cf8de3c0",
    "name": "vidby",
    "description": "Video translation and dubbing service with 70+ language support and up to 100% accuracy claims. Offers comprehensive subtitle creation and video localization solutions.",
    "category": "Video",
    "pricing": "Premium",
    "url": "https://vidby.com/",
    "official_website": "https://vidby.com/",
    "tags": [
      "comprehensive",
      "70-languages",
      "localization",
      "subtitles",
      "100-accuracy"
    ]
  },
  {
    "id": "8b61996adfb3",
    "name": "VideoIdeas.ai",
    "description": "Generate viral-worthy scripts and video ideas in your channel's voice.",
    "category": "Video",
    "pricing": "Not Specified",
    "url": "https://saasaitools.com/videoideas",
    "official_website": "https://saasaitools.com/videoideas",
    "tags": [
      "content",
      "video"
    ]
  },
  {
    "id": "8b63368f01ec",
    "name": "Voicenotes",
    "description": "AI note-taker that's truly intelligent with voice transcription and querying",
    "category": "Note-Taking",
    "pricing": "Unknown",
    "url": "https://voicenotes.com",
    "official_website": "https://voicenotes.com",
    "tags": []
  },
  {
    "id": "8d34cfa79b63",
    "name": "VSDeco",
    "description": "Transforms rooms with a click, allowing exploration of different styles instantly with AI-powered suggestions.",
    "category": "Real Estate, Interior Design",
    "pricing": "Paid",
    "url": "https://vsdeco.ai",
    "official_website": "https://vsdeco.ai",
    "tags": []
  },
  {
    "id": "8d4d51d0-1ee8-4302-8bcc-976e30c92d18",
    "name": "Voice.ai",
    "description": "Real-time AI voice changer and voice agent platform. Offers instant voice transformation, voice cloning from 10-second samples, 15+ language support, and enterprise APIs for gaming, streaming, and business applications.",
    "category": "AI Voice",
    "pricing": "Free",
    "url": "https://voice.ai/",
    "official_website": "https://voice.ai/",
    "tags": []
  },
  {
    "id": "8d8a0693-2da7-4d8f-883a-e2cb7d2c255f",
    "name": "Voices.com",
    "description": "AI text-to-speech platform using professional voice actor clones. Features ethical AI with consent-based voice licensing, cost-per-word pricing, and integration with real voice actors for collaborative projects.",
    "category": "AI Productivity",
    "pricing": "Premium",
    "url": "https://www.voices.com/",
    "official_website": "https://www.voices.com/",
    "tags": []
  },
  {
    "id": "8d973a1c-6eb1-4464-9bfe-5d62ef29927e",
    "name": "VibeScan",
    "description": "VibeScan is an AI-powered code scanning and fixing platform specifically designed to analyze AI-generated code for vulnerabilities, performance issues, and quality problems. The tool integrates seamlessly into modern development workflows through UI, CLI, and API interfaces, providing developers and engineering teams with automated security checks and one-click fixes that eliminate common mistakes in AI-assisted output. By leveraging AI to detect and remediate potential issues before deployment,",
    "category": "General",
    "pricing": "Unknown",
    "url": "https://futuretools.link/vibescan-io",
    "official_website": "https://futuretools.link/vibescan-io",
    "tags": []
  },
  {
    "id": "8dbcaf1d119a",
    "name": "Visual Studio 2022 AI",
    "description": "Microsoft's AI-powered coding assistance within Visual Studio 2022 for debugging, testing, and intelligent code completion.",
    "category": "Coding",
    "pricing": "Premium",
    "url": "https://visualstudio.microsoft.com/vs/",
    "official_website": "https://visualstudio.microsoft.com/vs/",
    "tags": [
      "visual-studio",
      "microsoft",
      "enterprise",
      "intelligent-completion",
      "testing",
      "debugging"
    ]
  },
  {
    "id": "8f8a2d5c-ce0b-4bbc-b4c5-374cf924a020",
    "name": "Vercel",
    "description": "Frontend hosting platform",
    "category": "AI Development Platforms",
    "pricing": "Freemium",
    "url": "https://vercel.com",
    "official_website": "https://vercel.com",
    "tags": []
  },
  {
    "id": "8f9e362e-2329-42bd-a140-9b47f7ccf31d",
    "name": "Veracyte Percepta",
    "description": "Lung cancer detection AI",
    "category": "Healthcare AI APIs",
    "pricing": "Freemium",
    "url": "https://veracyte.com",
    "official_website": "https://veracyte.com",
    "tags": []
  },
  {
    "id": "8fc8c2e1-420a-4285-a3cb-9f3f19c2f536",
    "name": "Veracyte",
    "description": "AI-powered healthcare solution",
    "category": "AI Healthcare",
    "pricing": "{\"model\":\"Varies\",\"details\":\"Pricing varies by tier and usage\"}",
    "url": "https://www.veracyte.com",
    "official_website": "https://www.veracyte.com",
    "tags": []
  },
  {
    "id": "98331732-4f36-4dcc-8133-ecf5a0f59236",
    "name": "Vidnoz",
    "description": "An AI video creation tool offering text-to-video conversion with lifelike avatars and 100+ voiceovers. With 200+ templates and 23+ languages supported, Vidnoz facilitates quick, affordable, and quality video content production",
    "category": "Generative Video",
    "pricing": "Unknown",
    "url": "https://link.aitoolsdirectory.com/vidnoz",
    "official_website": "https://link.aitoolsdirectory.com/vidnoz",
    "tags": []
  },
  {
    "id": "98ee1e0a-4178-4451-912a-915e015a8c4f",
    "name": "VOCI",
    "description": "Voice conversion platform offering real-time voice transformation and cloning capabilities. Features voice synthesis and conversion for gaming, streaming, and creative applications.",
    "category": "AI Voice",
    "pricing": "Premium",
    "url": "https://voci.ai/",
    "official_website": "https://voci.ai/",
    "tags": []
  },
  {
    "id": "9b1c9966f161",
    "name": "Vision Transformer",
    "description": "Repository releasing models and fine-tuning code for Vision Transformer and MLP-Mixer architectures",
    "category": "Computer Vision",
    "pricing": "Not Specified",
    "url": "https://arxiv.org/abs/2010.11929",
    "official_website": "https://arxiv.org/abs/2010.11929",
    "tags": [
      "Detailed installation instructions and cloud deployment guidance",
      "Fine-tuning code in JAX/Flax",
      "Checkpoint exploration (over 50k ViT and hybrid checkpoints)",
      "Models from research papers: 'An Image is Worth 16x16 Words', 'MLP-Mixer'",
      "Includes MLP-Mixer B/16 and L/16 models",
      "Various model checkpoints: ImageNet-21k, ImageNet-21k + ImageNet",
      "Pre-trained models on ImageNet and ImageNet-21k datasets",
      "Colab notebooks for interactive demonstrations",
      "LiT models for zero-shot transfer with locked-image text tuning",
      "GPU and TPU support for installation and fine-tuning",
      "Implementation of Vision Transformer (ViT) and MLP-Mixer architectures"
    ]
  },
  {
    "id": "9c5fc3dc-4b94-4f4f-892b-4e741e83a2b7",
    "name": "vit-age-classifier",
    "description": "AI model vit-age-classifier from nateraw on Hugging Face Hub",
    "category": "ai-model",
    "pricing": "Unknown",
    "url": "https://huggingface.co/nateraw/vit-age-classifier",
    "official_website": "https://huggingface.co/nateraw/vit-age-classifier",
    "tags": []
  },
  {
    "id": "9eb7be6e1e5f",
    "name": "visenger/ml-project-template",
    "description": "ML project template facilitating both research and production phases",
    "category": "General",
    "pricing": "Unknown",
    "url": "https://github.com/visenger/ml-project-template",
    "official_website": "https://github.com/visenger/ml-project-template",
    "tags": []
  },
  {
    "id": "9fbe19ce-845a-4de0-8620-c19aac2ecb4c",
    "name": "vilt-b32-mlm",
    "description": "\u2022",
    "category": "Model",
    "pricing": "Unknown",
    "url": "https://huggingface.co/dandelin/vilt-b32-mlm",
    "official_website": "https://huggingface.co/dandelin/vilt-b32-mlm",
    "tags": []
  },
  {
    "id": "a08103ee-f545-4bfa-8117-957212ba303b",
    "name": "VWO AI",
    "description": "AI-enhanced conversion optimization",
    "category": "AI Data Analytics",
    "pricing": "{\"model\":\"Freemium\",\"details\":\"Free tier available with premium plans\"}",
    "url": "vwoai",
    "official_website": "vwoai",
    "tags": []
  },
  {
    "id": "a1d3d982-71f1-4ce9-8aa4-2ada50b41e34",
    "name": "Video Intelligence API",
    "description": "Cloud service for analyzing video content and extracting insights",
    "category": "Cloud AI Services",
    "pricing": "Unknown",
    "url": "https://cloud.google.com/video-intelligence",
    "official_website": "https://cloud.google.com/video-intelligence",
    "tags": []
  },
  {
    "id": "a4c65a12179f",
    "name": "Vista Social",
    "description": "Social media management hub with AI content repurposing across platforms, unified channel management, engagement tracking, and workflow automation capabilities.",
    "category": "Productivity",
    "pricing": "Freemium",
    "url": "https://vistasocial.com",
    "official_website": "https://vistasocial.com",
    "tags": [
      "content-repurposing",
      "engagement-tracking",
      "social-media-hub",
      "workflow-automation",
      "channel-management"
    ]
  },
  {
    "id": "a7856e32-f517-4e30-9257-938f4a7a216a",
    "name": "Visily",
    "description": "Visily is the easiest UX ideation platform that enables teams, regardless of design skills, to brainstorm and design hi-fi app wireframes & prototypes.",
    "category": "AI Productivity",
    "pricing": "{\"model\":\"Varies\",\"details\":\"Pricing varies by tool\"}",
    "url": "https://www.producthunt.com/products/visily",
    "official_website": "https://www.producthunt.com/products/visily",
    "tags": []
  },
  {
    "id": "a8cc88f5f2aa",
    "name": "Voicemod",
    "description": "Real-time AI voice changer for PC and Mac with 200+ voice effects. Features AI anime voices, soundboard integration, Twitch live extension, console compatibility, and community-sourced voice content.",
    "category": "Voice",
    "pricing": "Freemium",
    "url": "https://www.voicemod.net/",
    "official_website": "https://www.voicemod.net/",
    "tags": [
      "streaming",
      "real-time",
      "discord",
      "community",
      "gaming",
      "soundboard"
    ]
  },
  {
    "id": "a9d61f71-8485-4538-98e9-7a1136267392",
    "name": "Video to Blog",
    "description": "Convert videos into multilingual, SEO-optimized blog articles instantly.",
    "category": "Other",
    "pricing": "Freemium",
    "url": "https://www.videotoblog.ai/?utm_source=futurepedia&utm_medium=marketplace&utm_campaign=futurepedia",
    "official_website": "https://www.videotoblog.ai/?utm_source=futurepedia&utm_medium=marketplace&utm_campaign=futurepedia",
    "tags": []
  },
  {
    "id": "aac09089e6b4",
    "name": "Visla",
    "description": "AI-powered video creation platform with text-to-video assembly, filler word removal, and meeting assistant features for corporate communication.",
    "category": "Video",
    "pricing": "Premium",
    "url": "https://www.visla.us/",
    "official_website": "https://www.visla.us/",
    "tags": [
      "enterprise",
      "meeting-assistant",
      "text-to-video",
      "corporate",
      "filler-removal"
    ]
  },
  {
    "id": "ab2304f0-dace-4120-b9c1-b57ca65e8d12",
    "name": "Veracyte Diagnostics",
    "description": "Molecular diagnostics AI",
    "category": "Healthcare AI APIs",
    "pricing": "Freemium",
    "url": "https://veracyte.com",
    "official_website": "https://veracyte.com",
    "tags": []
  },
  {
    "id": "ac6a7c3d-c6c8-4db1-adac-d579c090749c",
    "name": "Vectra AI",
    "description": "AI-powered network detection and response",
    "category": "AI Security",
    "pricing": "{\"model\":\"Enterprise\",\"details\":\"Enterprise pricing based on usage\"}",
    "url": "https://vectra.ai",
    "official_website": "https://vectra.ai",
    "tags": []
  },
  {
    "id": "ad958a88-5cb0-4e6b-aa22-c4b6cc0e7ddc",
    "name": "VeryBest.AI",
    "description": "Comprehensive AI Tool Directory for Every Need",
    "category": "AI Tools Directory",
    "pricing": "Unknown",
    "url": "https://freeaitool.ai/tool/verybest-ai",
    "official_website": "https://freeaitool.ai/tool/verybest-ai",
    "tags": []
  },
  {
    "id": "b1c086125616",
    "name": "vit-age-classifier",
    "description": "AI model vit-age-classifier from nateraw on Hugging Face Hub",
    "category": "ai-model",
    "pricing": "Not Specified",
    "url": "https://huggingface.co/nateraw/vit-age-classifier",
    "official_website": "https://huggingface.co/nateraw/vit-age-classifier",
    "tags": []
  },
  {
    "id": "b6bdfa185a39",
    "name": "visenger/awesome-mlops",
    "description": "A curated list of references for Machine Learning Operations",
    "category": "General",
    "pricing": "Unknown",
    "url": "https://github.com/visenger/awesome-mlops",
    "official_website": "https://github.com/visenger/awesome-mlops",
    "tags": []
  },
  {
    "id": "b7b37179f065",
    "name": "visenger/MLSpec",
    "description": "A project to standardize the intercomponent schemas for a multi-stage ML Pipeline",
    "category": "General",
    "pricing": "Unknown",
    "url": "https://github.com/visenger/MLSpec",
    "official_website": "https://github.com/visenger/MLSpec",
    "tags": []
  },
  {
    "id": "bbd11919-3c38-4e61-9d7f-3543f5f0401c",
    "name": "Vincent AI",
    "description": "Precision-engineered legal assistant built for lawyers with specialized tools and global content",
    "category": "Legal",
    "pricing": "Enterprise",
    "url": "https://vlex.com/vincent-ai",
    "official_website": "https://vlex.com/vincent-ai",
    "tags": []
  },
  {
    "id": "bd2500b4-682b-42f1-bb8a-8ca9cbd20f3a",
    "name": "VoAI",
    "description": "High-Fidelity Taiwanese AI Voice Generation Platform",
    "category": "AI Voice Cloning",
    "pricing": "Unknown",
    "url": "https://freeaitool.ai/tool/voai",
    "official_website": "https://freeaitool.ai/tool/voai",
    "tags": []
  },
  {
    "id": "bd3513403358",
    "name": "Virbo",
    "description": "Wondershare's specialized AI avatar creation platform integrated with their video editing ecosystem. Offers high-quality avatar generation for professional video production.",
    "category": "Video",
    "pricing": "Premium",
    "url": "https://virbo.wondershare.com/",
    "official_website": "https://virbo.wondershare.com/",
    "tags": [
      "avatars",
      "integrated",
      "professional",
      "specialized",
      "wondershare"
    ]
  },
  {
    "id": "c15f224e-5861-4db9-9d5b-4bebcb80b0db",
    "name": "Voicemod",
    "description": "AI-powered audio and voice solution",
    "category": "AI Audio & Voice",
    "pricing": "{\"model\":\"Varies\",\"details\":\"Pricing varies by tier and usage\"}",
    "url": "https://www.voicemod.com",
    "official_website": "https://www.voicemod.com",
    "tags": []
  },
  {
    "id": "c1bee574-034b-45b0-b791-e61d23d24cbc",
    "name": "Vapi",
    "description": "Voice AI for developers",
    "category": "AI Productivity",
    "pricing": "{\"model\":\"Varies\",\"details\":\"Pricing varies by tool\"}",
    "url": "https://www.producthunt.com/products/vapi",
    "official_website": "https://www.producthunt.com/products/vapi",
    "tags": []
  },
  {
    "id": "c1c1b902d10c",
    "name": "vit-base-patch16-224",
    "description": "Vision Transformer (ViT) base model pre-trained on ImageNet and fine-tuned on ImageNet-21k.",
    "category": "Computer Vision",
    "pricing": "Not Specified",
    "url": "https://huggingface.co/google/vit-base-patch16-224",
    "official_website": "https://huggingface.co/google/vit-base-patch16-224",
    "tags": [
      "vision-transformer",
      "pytorch",
      "image-classification",
      "transformers"
    ]
  },
  {
    "id": "c53360a221a7",
    "name": "v0.dev",
    "description": "AI-powered pair programmer for generating production-ready web UIs and full-stack apps.",
    "category": "Frontend, UI Generation",
    "pricing": "Free",
    "url": "https://v0.dev",
    "official_website": "https://v0.dev",
    "tags": []
  },
  {
    "id": "c679636c36a2",
    "name": "Vertex AI",
    "description": "Google's fully managed ML platform for training and deploying ML models.",
    "category": "ML Platform",
    "pricing": "Pay-per-use",
    "url": "https://cloud.google.com/vertex-ai",
    "official_website": "https://cloud.google.com/vertex-ai",
    "tags": [
      "google",
      "ml platform"
    ]
  },
  {
    "id": "c8b24236-2a19-4008-9ac5-b629b826fdf9",
    "name": "Viddo AI - AI Video Generator",
    "description": "All-in-one AI Video Generator of Veo3,Hailuo,Seedance,Kling and more.",
    "category": "Chatbots",
    "pricing": "From $12/mo",
    "url": "https://viddo.ai/text-to-video",
    "official_website": "https://viddo.ai/text-to-video",
    "tags": []
  },
  {
    "id": "ca34ba174532",
    "name": "vLLM",
    "description": "A high-throughput and memory-efficient inference and serving engine for LLMs",
    "category": "LLM Frameworks",
    "pricing": "Not Specified",
    "url": "https://docs.vllm.ai",
    "official_website": "https://docs.vllm.ai",
    "tags": [
      "Quantizations: GPTQ, AWQ, AutoRound, INT4, INT8, and FP8",
      "Optimized CUDA kernels with FlashAttention and FlashInfer",
      "Support for diverse hardware platforms",
      "Continuous batching of incoming requests",
      "OpenAI-compatible API server",
      "Speculative decoding and chunked prefill",
      "Support for transformer-like LLMs and mixture-of-expert LLMs",
      "Fast model execution with CUDA/HIP graph",
      "Seamless integration with Hugging Face models",
      "State-of-the-art serving throughput with PagedAttention",
      "Embedding models and multi-modal LLMs"
    ]
  },
  {
    "id": "cb0b5b84681a",
    "name": "Voxygen",
    "description": "Voice synthesis and cloning platform aimed at professional and business users. Features comprehensive voice tools and enterprise-grade solutions for various applications.",
    "category": "Voice",
    "pricing": "Premium",
    "url": "https://www.voxygen.com/",
    "official_website": "https://www.voxygen.com/",
    "tags": [
      "comprehensive",
      "cloning",
      "professional",
      "enterprise-grade",
      "business-applications"
    ]
  },
  {
    "id": "cb2c4454-d3e1-4a76-8753-50351825191a",
    "name": "Vidgo AI",
    "description": "AI-powered tool for AI Video Generation that helps users streamline workflows and enhance productivity.",
    "category": "AI Video Generation",
    "pricing": "Not specified",
    "url": "https://topai.tools/t/vidgo-ai",
    "official_website": "https://topai.tools/t/vidgo-ai",
    "tags": []
  },
  {
    "id": "cd25d3d5d1c4",
    "name": "Visily",
    "description": "AI-powered app wireframing and prototyping for teams without design skills",
    "category": "Design/Ux",
    "pricing": "Unknown",
    "url": "https://visily.ai",
    "official_website": "https://visily.ai",
    "tags": []
  },
  {
    "id": "cdd15fc1ac83",
    "name": "Vaex",
    "description": "Specialized AI tool for data analysis applications",
    "category": "Data Analysis",
    "pricing": "Open Source",
    "url": "https://vaex.com",
    "official_website": "https://vaex.com",
    "tags": []
  },
  {
    "id": "cec0c1e9-a0b5-4a38-a834-c8bed48bf232",
    "name": "Valohai",
    "description": "ML platform",
    "category": "AI Development Platforms",
    "pricing": "Freemium",
    "url": "https://valohai.com",
    "official_website": "https://valohai.com",
    "tags": []
  },
  {
    "id": "cee5e289a98e",
    "name": "Voicemaker",
    "description": "Simple interface voice generator with 1000+ voice options across 130 languages and dialects. Features comprehensive voice modification capabilities including pitch, speed, and volume controls.",
    "category": "Productivity",
    "pricing": "Freemium",
    "url": "https://voicemaker.in/",
    "official_website": "https://voicemaker.in/",
    "tags": [
      "extensive-library",
      "voice-modification",
      "simple-interface",
      "dialects",
      "multilingual"
    ]
  },
  {
    "id": "d2e49fa3b7f4",
    "name": "VWO",
    "description": "Visual Website Optimizer for A/B testing, heatmaps, and conversion rate optimization. Features visual editor, statistical engine, and integration with analytics tools for comprehensive optimization.",
    "category": "Analytics",
    "pricing": "Premium",
    "url": "https://vwo.com/",
    "official_website": "https://vwo.com/",
    "tags": [
      "conversion-optimization",
      "ab-testing",
      "statistical-engine",
      "heatmaps",
      "visual-editor",
      "visual-website-optimizer"
    ]
  },
  {
    "id": "d61f95da-a474-4ab2-8b36-dc59749c6b4e",
    "name": "Vicuna",
    "description": "Chatbot fine-tuned from LLaMA",
    "category": "LLM & Text Generation",
    "pricing": "Freemium",
    "url": "https://lmsys.com",
    "official_website": "https://lmsys.com",
    "tags": []
  },
  {
    "id": "d7b31404ae0a",
    "name": "Voice.ai",
    "description": "Real-time AI voice changer and voice agent platform. Offers instant voice transformation, voice cloning from 10-second samples, 15+ language support, and enterprise APIs for gaming, streaming, and business applications.",
    "category": "Voice",
    "pricing": "Freemium",
    "url": "https://voice.ai/",
    "official_website": "https://voice.ai/",
    "tags": [
      "voice-changing",
      "streaming",
      "real-time",
      "enterprise-api",
      "voice-agents",
      "gaming"
    ]
  },
  {
    "id": "dcbdd319-3b01-4db9-8cf1-0607ce504b5e",
    "name": "Vertex AI Studio",
    "description": "Web-based platform for prototyping and deploying generative AI applications",
    "category": "Cloud AI Services",
    "pricing": "Unknown",
    "url": "https://cloud.google.com/vertex-ai/generative-ai/studio",
    "official_website": "https://cloud.google.com/vertex-ai/generative-ai/studio",
    "tags": []
  },
  {
    "id": "df7a2f64-9740-41e6-8927-c00b545a3905",
    "name": "Voxygen",
    "description": "Voice synthesis and cloning platform aimed at professional and business users. Features comprehensive voice tools and enterprise-grade solutions for various applications.",
    "category": "AI Voice",
    "pricing": "Premium",
    "url": "https://www.voxygen.com/",
    "official_website": "https://www.voxygen.com/",
    "tags": []
  },
  {
    "id": "e036f67eacfc",
    "name": "Vogue AI",
    "description": "Meet your baby, before the first hello",
    "category": "Productivity, AI",
    "pricing": "Freemium",
    "url": "https://www.vogueai.net/ai-baby-generator",
    "official_website": "https://www.vogueai.net/ai-baby-generator",
    "tags": []
  },
  {
    "id": "e04ae64a-bcb0-4deb-9101-cf6844b951f1",
    "name": "Visual Studio 2022 AI",
    "description": "Microsoft's AI-powered coding assistance within Visual Studio 2022 for debugging, testing, and intelligent code completion.",
    "category": "AI Code Assistant",
    "pricing": "Premium",
    "url": "https://visualstudio.microsoft.com/vs/",
    "official_website": "https://visualstudio.microsoft.com/vs/",
    "tags": []
  },
  {
    "id": "e343e774-9519-4b1d-a776-d8b0a436f51c",
    "name": "VibeDash",
    "description": "VibeDash is a project management platform designed for software development teams to maintain transparency with clients. It integrates with GitHub to automatically sync commits, pull requests, and development activity to a project dashboard. The platform provides a client portal for real-time viewing of milestones, payments, and progress, alongside built-in messaging for updates and communication. It supports milestone management, payment tracking, cost monitoring, and project timeline visualiza",
    "category": "General",
    "pricing": "Unknown",
    "url": "https://futuretools.link/vibedash-app",
    "official_website": "https://futuretools.link/vibedash-app",
    "tags": []
  },
  {
    "id": "e422fff1-dfa2-4967-a74d-3bd26e46f27b",
    "name": "Vance AI",
    "description": "AI image enhancement suite that improves visual quality through upscaling, noise reduction, and sharpening without losing quality. Helps maintain high visual standards in designs for low-resolution assets.",
    "category": "AI Design",
    "pricing": "Free",
    "url": "https://vanceai.com/",
    "official_website": "https://vanceai.com/",
    "tags": []
  },
  {
    "id": "ea07b3c9-59e0-4920-8671-6a468d973498",
    "name": "Vertex AI Search",
    "description": "Enterprise search solution powered by generative AI and semantic understanding",
    "category": "Cloud AI Services",
    "pricing": "Unknown",
    "url": "https://cloud.google.com/vertex-ai/docs/solutions/search",
    "official_website": "https://cloud.google.com/vertex-ai/docs/solutions/search",
    "tags": []
  },
  {
    "id": "f2913355-29dc-4657-9833-a40742f29ce2",
    "name": "VoxDeck",
    "description": "AI presentation maker crafting stunning, personalized slides.",
    "category": "Education",
    "pricing": "No pricing",
    "url": "https://voxdeck.ai/",
    "official_website": "https://voxdeck.ai/",
    "tags": []
  },
  {
    "id": "f2c51b13-0cfa-457d-8111-749f6f7071ab",
    "name": "Vectra AI",
    "description": "AI-powered security solution",
    "category": "AI Security",
    "pricing": "{\"model\":\"Varies\",\"details\":\"Pricing varies by tier and usage\"}",
    "url": "https://www.vectraai.com",
    "official_website": "https://www.vectraai.com",
    "tags": []
  },
  {
    "id": "f357e4b6-9bd2-4260-b664-cbae80c999db",
    "name": "Vertech Academy",
    "description": "AI Prompts for students and teachers",
    "category": "Education",
    "pricing": "Free + from $30",
    "url": "https://vertechacademy.ca/",
    "official_website": "https://vertechacademy.ca/",
    "tags": []
  },
  {
    "id": "f5c50672a0d4",
    "name": "Vocabulary Builder Generator",
    "description": "An AI-powered tool designed to help users learn and retain new words.",
    "category": "Education, Language Learning",
    "pricing": "Free",
    "url": "https://vocabulary-builder-generator.com",
    "official_website": "https://vocabulary-builder-generator.com",
    "tags": []
  },
  {
    "id": "f6a4773e-f886-4293-8e39-56da8b32fb0d",
    "name": "Vaizle",
    "description": "Vaizle AI is a marketing analytics platform designed to simplify Meta Ads analysis by turning ad performance data into clear, conversational insights. Instead of navigating dashboards, users connect their Facebook accounts, start a chat, and receive instant answers to campaign questions. The tool generates custom reports, charts, audits, and even tailored campaign plans while offering budget allocation advice and trend forecasting. With natural language understanding of Meta Ads metrics, Vaizle",
    "category": "General",
    "pricing": "Unknown",
    "url": "https://futuretools.link/vaizle-com",
    "official_website": "https://futuretools.link/vaizle-com",
    "tags": []
  },
  {
    "id": "f85a6654-1822-4c2d-bbe3-c88edca08786",
    "name": "Vyond",
    "description": "Animated character video platform with AI-powered motion capture and text-to-video generation. Features Vyond Go for automated content creation and extensive customization options.",
    "category": "AI Video Creation",
    "pricing": "Premium",
    "url": "https://www.vyond.com/",
    "official_website": "https://www.vyond.com/",
    "tags": []
  },
  {
    "id": "fa1b5dcf-75be-4775-b7b3-606e73510282",
    "name": "VideoGen.io",
    "description": "AI-powered tool for AI Video Generation that helps users streamline workflows and enhance productivity.",
    "category": "AI Video Generation",
    "pricing": "Paid",
    "url": "https://topai.tools/t/videogen-io",
    "official_website": "https://topai.tools/t/videogen-io",
    "tags": []
  },
  {
    "id": "fb4bb3c4-a298-4453-8c61-c1a6a881c16e",
    "name": "VersunoAI",
    "description": "Unify all your AI assets in one place.",
    "category": "Prompt Management",
    "pricing": "Free + from $12/mo",
    "url": "https://versuno.ai/",
    "official_website": "https://versuno.ai/",
    "tags": []
  },
  {
    "id": "fb4db1fa-2e4c-4bca-b2ef-60651c0ffdcf",
    "name": "Voicemod",
    "description": "AI voice changing and effects",
    "category": "AI Audio & Voice",
    "pricing": "{\"model\":\"Freemium\",\"details\":\"Free tier available with premium plans\"}",
    "url": "voicemod",
    "official_website": "voicemod",
    "tags": []
  },
  {
    "id": "fc69196a-ce7d-4436-8b0e-c4063c22db6a",
    "name": "Vertex AI Agent Builder",
    "description": "Platform for building conversational AI agents and chatbots",
    "category": "Cloud AI Services",
    "pricing": "Unknown",
    "url": "https://cloud.google.com/vertex-ai/docs/agent-builder",
    "official_website": "https://cloud.google.com/vertex-ai/docs/agent-builder",
    "tags": []
  },
  {
    "id": "fd9d773d-9dbf-462d-9433-f1aecfc7f6d6",
    "name": "Vision Transformer",
    "description": "Repository releasing models and fine-tuning code for Vision Transformer and MLP-Mixer architectures",
    "category": "Computer Vision",
    "pricing": "Unknown",
    "url": "https://arxiv.org/abs/2010.11929",
    "official_website": "https://arxiv.org/abs/2010.11929",
    "tags": []
  },
  {
    "id": "ffeb3490-9d2e-40f5-ab20-00ce657ad274",
    "name": "Vultr",
    "description": "Cloud compute provider",
    "category": "AI Development Platforms",
    "pricing": "Freemium",
    "url": "https://vultr.com",
    "official_website": "https://vultr.com",
    "tags": []
  }
]