[
  {
    "id": "0152b315-e6e7-44e5-9086-d1ff53c50d8f",
    "name": "YouKeywordTool.com",
    "description": "Free keyword research across all platforms.",
    "category": "Data Analysis",
    "pricing": "Free + from $9/mo",
    "url": "https://youkeywordtool.com/",
    "official_website": "https://youkeywordtool.com/",
    "tags": []
  },
  {
    "id": "0bb8e9cb-7bce-4e85-8411-5ef3e4094dfb",
    "name": "You.com",
    "description": "AI-powered search engine and writing assistant that combines web search with AI capabilities. Offers multiple AI models, writing tools, and research assistance with integrated search functionality.",
    "category": "AI Writing Tools",
    "pricing": "Free",
    "url": "https://you.com/",
    "official_website": "https://you.com/",
    "tags": []
  },
  {
    "id": "12d281c4-4a68-404a-a2b6-5b77a66d83af",
    "name": "yolos-small",
    "description": "AI model yolos-small from hustvl on Hugging Face Hub",
    "category": "ai-model",
    "pricing": "Unknown",
    "url": "https://huggingface.co/hustvl/yolos-small",
    "official_website": "https://huggingface.co/hustvl/yolos-small",
    "tags": []
  },
  {
    "id": "196527bb-d6df-4036-ad8e-a887420b8607",
    "name": "Yellow.ai",
    "description": "AI-powered customer engagement platform",
    "category": "AI Customer Support",
    "pricing": "{\"model\":\"Freemium\",\"details\":\"Free tier available with premium plans\"}",
    "url": "https://yellow.ai",
    "official_website": "https://yellow.ai",
    "tags": []
  },
  {
    "id": "30e38be1-4783-43d1-9bf7-9ec77bea1ee9",
    "name": "Your.MD",
    "description": "AI personal health assistant",
    "category": "AI Healthcare",
    "pricing": "{\"model\":\"Freemium\",\"details\":\"Free tier available with premium plans\"}",
    "url": "https://your.md",
    "official_website": "https://your.md",
    "tags": []
  },
  {
    "id": "352a5781-e59e-48ae-9cd7-5613efee165a",
    "name": "yolos-tiny",
    "description": "AI model yolos-tiny from hustvl on Hugging Face Hub",
    "category": "ai-model",
    "pricing": "Unknown",
    "url": "https://huggingface.co/hustvl/yolos-tiny",
    "official_website": "https://huggingface.co/hustvl/yolos-tiny",
    "tags": []
  },
  {
    "id": "3b7e1cbe-f065-4e3c-9aac-6b1808fe635d",
    "name": "yolos-fashionpedia",
    "description": "AI model yolos-fashionpedia from valentinafeve on Hugging Face Hub",
    "category": "ai-model",
    "pricing": "Unknown",
    "url": "https://huggingface.co/valentinafeve/yolos-fashionpedia",
    "official_website": "https://huggingface.co/valentinafeve/yolos-fashionpedia",
    "tags": []
  },
  {
    "id": "3ede0d93d59a",
    "name": "yolov8s-signature-detector",
    "description": "\u2022",
    "category": "Model",
    "pricing": "Not Specified",
    "url": "https://huggingface.co/tech4humans/yolov8s-signature-detector",
    "official_website": "https://huggingface.co/tech4humans/yolov8s-signature-detector",
    "tags": []
  },
  {
    "id": "4471e9231e7c",
    "name": "yolos-fashionpedia",
    "description": "AI model yolos-fashionpedia from valentinafeve on Hugging Face Hub",
    "category": "ai-model",
    "pricing": "Not Specified",
    "url": "https://huggingface.co/valentinafeve/yolos-fashionpedia",
    "official_website": "https://huggingface.co/valentinafeve/yolos-fashionpedia",
    "tags": []
  },
  {
    "id": "46bec7f3-100b-49cf-a75e-d0522fde2e23",
    "name": "Yi 34B Chat",
    "description": "Chat-optimized language model",
    "category": "LLM & Text Generation",
    "pricing": "Freemium",
    "url": "https://huggingface.com",
    "official_website": "https://huggingface.com",
    "tags": []
  },
  {
    "id": "4c0efba5-f65f-4e2d-9f5d-88353c938764",
    "name": "Yandex Cloud",
    "description": "Cloud AI services",
    "category": "AI Development Platforms",
    "pricing": "Freemium",
    "url": "https://yandex.com",
    "official_website": "https://yandex.com",
    "tags": []
  },
  {
    "id": "4f6368679916",
    "name": "Yukkudai",
    "description": "Japanese AI text-to-speech service with high-quality neural voices. Specializes in Japanese language synthesis with various voice types and emotional expressions.",
    "category": "Productivity",
    "pricing": "Freemium",
    "url": "https://yukkudai.ai/",
    "official_website": "https://yukkudai.ai/",
    "tags": [
      "neural-voices",
      "emotional-expressions",
      "specialized",
      "japanese",
      "high-quality"
    ]
  },
  {
    "id": "5657518b-59b9-45e0-8cb5-72561b7b5bcd",
    "name": "Yoink",
    "description": "Yoink AI is a context-aware productivity tool that integrates directly into any Mac application to streamline content creation through artificial intelligence. Using a simple hotkey command, the AI assistant automatically captures your current context and generates relevant content at your cursor location, whether you need to draft emails, refine documents, create social posts, or document code. The tool's AI engine eliminates the need to switch between applications or copy-paste information, as",
    "category": "General",
    "pricing": "Unknown",
    "url": "https://futuretools.link/yoink",
    "official_website": "https://futuretools.link/yoink",
    "tags": []
  },
  {
    "id": "5a390459-c5da-4edb-ab96-901673e847aa",
    "name": "yolov8m-table-extraction",
    "description": "AI model yolov8m-table-extraction from keremberke on Hugging Face Hub",
    "category": "ai-model",
    "pricing": "Unknown",
    "url": "https://huggingface.co/keremberke/yolov8m-table-extraction",
    "official_website": "https://huggingface.co/keremberke/yolov8m-table-extraction",
    "tags": []
  },
  {
    "id": "63c1780b-8719-41ff-98b9-33c85426af32",
    "name": "YouTube EDU",
    "description": "Online learning platform for academic education and skill development",
    "category": "Educational Platform",
    "pricing": "Free/Commercial",
    "url": "https://youtubeedu.com",
    "official_website": "https://youtubeedu.com",
    "tags": []
  },
  {
    "id": "76544fc6-b5de-48da-9c8a-f56d6ced105e",
    "name": "Yukkudai",
    "description": "Japanese AI text-to-speech service with high-quality neural voices. Specializes in Japanese language synthesis with various voice types and emotional expressions.",
    "category": "AI Productivity",
    "pricing": "Free",
    "url": "https://yukkudai.ai/",
    "official_website": "https://yukkudai.ai/",
    "tags": []
  },
  {
    "id": "7ffef1730616",
    "name": "YOLO",
    "description": "Real-time object detection system",
    "category": "Computer Vision",
    "pricing": "Not Specified",
    "url": "https://ultralytics.com/yolo",
    "official_website": "https://ultralytics.com/yolo",
    "tags": [
      "GitHub Community"
    ]
  },
  {
    "id": "8e2d5efe-470e-4f3d-9f01-66c40b66740a",
    "name": "Yodlee Financial Data",
    "description": "Personal financial data platform",
    "category": "Specialized AI Services",
    "pricing": "Freemium",
    "url": "https://envestnetyodlee.com",
    "official_website": "https://envestnetyodlee.com",
    "tags": []
  },
  {
    "id": "8fd004b2-9394-4b1f-95c5-95b360b8cbdb",
    "name": "Yellowfin BI",
    "description": "Analytics platform with automated data discovery, storytelling capabilities, and collaborative features. Features AI-driven insights, interactive dashboards, and embedded analytics.",
    "category": "AI Analytics",
    "pricing": "Premium",
    "url": "https://www.yellowfin.com/",
    "official_website": "https://www.yellowfin.com/",
    "tags": []
  },
  {
    "id": "90682ddb-ed05-490c-987f-515ec4af40e6",
    "name": "yoloe",
    "description": "AI model yoloe from jameslahm on Hugging Face Hub",
    "category": "ai-model",
    "pricing": "Unknown",
    "url": "https://huggingface.co/jameslahm/yoloe",
    "official_website": "https://huggingface.co/jameslahm/yoloe",
    "tags": []
  },
  {
    "id": "9274cf9c91cd",
    "name": "YOLOv5",
    "description": "YOLOv5 - A cutting-edge, state-of-the-art computer vision model for object detection, image segmentation, and image classification",
    "category": "Computer Vision",
    "pricing": "Not Specified",
    "url": "https://docs.ultralytics.com/yolov5/",
    "official_website": "https://docs.ultralytics.com/yolov5/",
    "tags": [
      "Extensive performance benchmarks and metrics",
      "Model export to ONNX, CoreML, TFLite, TensorRT",
      "Built on PyTorch framework",
      "Comprehensive tutorials for custom training and deployment",
      "Ultralytics HUB for streamlined AI development",
      "State-of-the-art computer vision model for object detection, segmentation, classification",
      "Integrations with Weights & Biases, Comet ML, Roboflow, Intel OpenVINO",
      "Dedicated segmentation and classification models",
      "PyTorch Hub integration",
      "Various model sizes: YOLOv5n, YOLOv5s, YOLOv5m, YOLOv5l, YOLOv5x"
    ]
  },
  {
    "id": "9a65ee834b84",
    "name": "yolov8m-table-extraction",
    "description": "AI model yolov8m-table-extraction from keremberke on Hugging Face Hub",
    "category": "ai-model",
    "pricing": "Not Specified",
    "url": "https://huggingface.co/keremberke/yolov8m-table-extraction",
    "official_website": "https://huggingface.co/keremberke/yolov8m-table-extraction",
    "tags": []
  },
  {
    "id": "9adedfb0ba24",
    "name": "yolov5n-license-plate",
    "description": "AI model yolov5n-license-plate from keremberke on Hugging Face Hub",
    "category": "ai-model",
    "pricing": "Not Specified",
    "url": "https://huggingface.co/keremberke/yolov5n-license-plate",
    "official_website": "https://huggingface.co/keremberke/yolov5n-license-plate",
    "tags": []
  },
  {
    "id": "9fe508236840",
    "name": "Yext",
    "description": "Central system for managing brand information across multiple locations with AI tracking for AI search visibility. Automatically responds to customer reviews and builds AI-optimized landing pages with structured data.",
    "category": "Productivity",
    "pricing": "Premium",
    "url": "https://www.yext.com/",
    "official_website": "https://www.yext.com/",
    "tags": [
      "ai search visibility",
      "review management",
      "landing pages",
      "local search",
      "structured data",
      "brand management"
    ]
  },
  {
    "id": "a03f79ff6cd9",
    "name": "yolos-tiny",
    "description": "AI model yolos-tiny from hustvl on Hugging Face Hub",
    "category": "ai-model",
    "pricing": "Not Specified",
    "url": "https://huggingface.co/hustvl/yolos-tiny",
    "official_website": "https://huggingface.co/hustvl/yolos-tiny",
    "tags": []
  },
  {
    "id": "af76f1c2-f550-4e86-bc94-12324fc0209f",
    "name": "Yapify",
    "description": "Yapify is an AI-powered email assistant that lets you draft complete, personalized emails using only voice commands. Unlike basic dictation tools, Yapify understands brief verbal instructions about what you want to say, then automatically generates full emails that match your writing style by learning from your email history. The AI excels at maintaining context awareness by reading entire email threads, and can intelligently handle attachments, meeting links, and recipient selection without man",
    "category": "General",
    "pricing": "Unknown",
    "url": "https://futuretools.link/yapify-ai",
    "official_website": "https://futuretools.link/yapify-ai",
    "tags": []
  },
  {
    "id": "b197fb85-9536-4aaf-a7e7-375fa7e75f21",
    "name": "Yahoo Japan AI",
    "description": "Portal AI services",
    "category": "Specialized AI Services",
    "pricing": "Freemium",
    "url": "https://yahoojapan.com",
    "official_website": "https://yahoojapan.com",
    "tags": []
  },
  {
    "id": "b3681b01c76b",
    "name": "You.com",
    "description": "AI-powered search engine and writing assistant that combines web search with AI capabilities. Offers multiple AI models, writing tools, and research assistance with integrated search functionality.",
    "category": "Writing",
    "pricing": "Freemium",
    "url": "https://you.com/",
    "official_website": "https://you.com/",
    "tags": [
      "productivity",
      "writing assistant",
      "research",
      "multiple models",
      "AI search",
      "web search"
    ]
  },
  {
    "id": "bffccf298c6d",
    "name": "Yoodli AI",
    "description": "Refine speech with AI: real-time feedback, personalized analytics, private improvement.",
    "category": "productivity",
    "pricing": "Freemium",
    "url": "https://app.yoodli.ai",
    "official_website": "https://app.yoodli.ai",
    "tags": []
  },
  {
    "id": "cca23e2e04a3",
    "name": "YouTube EDU",
    "description": "Online learning platform for academic education and skill development",
    "category": "Educational Platform",
    "pricing": "Free/Commercial",
    "url": "https://youtubeedu.com",
    "official_website": "https://youtubeedu.com",
    "tags": []
  },
  {
    "id": "d0e1e79d-e421-4589-9468-475ce97f38dd",
    "name": "yolov8s-signature-detector",
    "description": "\u2022",
    "category": "Model",
    "pricing": "Unknown",
    "url": "https://huggingface.co/tech4humans/yolov8s-signature-detector",
    "official_website": "https://huggingface.co/tech4humans/yolov8s-signature-detector",
    "tags": []
  },
  {
    "id": "db2c57f3-d98c-4451-a6b1-8ea67084fe0a",
    "name": "YouTube AI Recommendations",
    "description": "Personalized video recommendations using machine learning",
    "category": "Consumer Features",
    "pricing": "Unknown",
    "url": "https://www.youtube.com/",
    "official_website": "https://www.youtube.com/",
    "tags": []
  },
  {
    "id": "dd301ccf9d37",
    "name": "yoloe",
    "description": "AI model yoloe from jameslahm on Hugging Face Hub",
    "category": "ai-model",
    "pricing": "Not Specified",
    "url": "https://huggingface.co/jameslahm/yoloe",
    "official_website": "https://huggingface.co/jameslahm/yoloe",
    "tags": []
  },
  {
    "id": "e47a363f-da0a-40ae-9191-2db2aa3aad2d",
    "name": "You.com",
    "description": "AI-powered conversational ai solution",
    "category": "AI Conversational AI",
    "pricing": "{\"model\":\"Varies\",\"details\":\"Pricing varies by tier and usage\"}",
    "url": "https://www.you.com.com",
    "official_website": "https://www.you.com.com",
    "tags": []
  },
  {
    "id": "e4d97dd6-4c55-439e-835b-a00bcf094a82",
    "name": "YOLOv5",
    "description": "YOLOv5 - A cutting-edge, state-of-the-art computer vision model for object detection, image segmentation, and image classification",
    "category": "Computer Vision",
    "pricing": "Unknown",
    "url": "https://docs.ultralytics.com/yolov5/",
    "official_website": "https://docs.ultralytics.com/yolov5/",
    "tags": []
  },
  {
    "id": "e57cc7ba740a",
    "name": "Yellowfin BI",
    "description": "Analytics platform with automated data discovery, storytelling capabilities, and collaborative features. Features AI-driven insights, interactive dashboards, and embedded analytics.",
    "category": "Analytics",
    "pricing": "Premium",
    "url": "https://www.yellowfin.com/",
    "official_website": "https://www.yellowfin.com/",
    "tags": [
      "storytelling",
      "ai-driven-insights",
      "embedded-analytics",
      "collaboration",
      "automated-data-discovery"
    ]
  },
  {
    "id": "e589123e-cab9-433c-881f-c57ec08f357f",
    "name": "YouChat",
    "description": "AI search assistant by You.com",
    "category": "AI Search",
    "pricing": "Freemium",
    "url": "https://you.com",
    "official_website": "https://you.com",
    "tags": []
  },
  {
    "id": "eba557f3-f5db-48dd-bf97-835aed7ce092",
    "name": "Yes No Tarot",
    "description": "Get Instant AI-Powered Tarot Answers to Your Questions",
    "category": "Fun Tools",
    "pricing": "Unknown",
    "url": "https://freeaitool.ai/tool/yes-no-tarot",
    "official_website": "https://freeaitool.ai/tool/yes-no-tarot",
    "tags": []
  },
  {
    "id": "f5912c29-f637-483c-9863-d4400bbd15ff",
    "name": "Yext",
    "description": "Central system for managing brand information across multiple locations with AI tracking for AI search visibility. Automatically responds to customer reviews and builds AI-optimized landing pages with structured data.",
    "category": "AI Productivity",
    "pricing": "Premium",
    "url": "https://www.yext.com/",
    "official_website": "https://www.yext.com/",
    "tags": []
  },
  {
    "id": "f5ef5ecf9476",
    "name": "yolos-small",
    "description": "AI model yolos-small from hustvl on Hugging Face Hub",
    "category": "ai-model",
    "pricing": "Not Specified",
    "url": "https://huggingface.co/hustvl/yolos-small",
    "official_website": "https://huggingface.co/hustvl/yolos-small",
    "tags": []
  },
  {
    "id": "f791bcc4332f",
    "name": "YouTube Summary with ChatGPT",
    "description": "Summarize YouTube videos with ChatGPT",
    "category": "ChatGPT Extensions",
    "pricing": "Not Specified",
    "url": "https://chrome.google.com/webstore/detail/youtube-summary-with-chat/nmmicjeknamkfloonkhhcjmomieiodli",
    "official_website": "https://chrome.google.com/webstore/detail/youtube-summary-with-chat/nmmicjeknamkfloonkhhcjmomieiodli",
    "tags": [
      "GitHub Community"
    ]
  }
]