[
  {
    "id": "0035b891-4b83-48cf-9bd3-03536daad932",
    "name": "Zoer",
    "description": "Zoer is an AI-powered tool that helps users create internal tools tailored to their needs. Zoer provides functionality for building custom applications or workflows that can be applied within organizations without requiring advanced technical skills. The platform is designed to simplify and accelerate the process of tool creation, making it accessible for both individuals and teams. While the free version of Zoer offers a base level of functionality, the premium upgrade unlocks higher usage limi",
    "category": "General",
    "pricing": "Unknown",
    "url": "https://futuretools.link/zoer-ai",
    "official_website": "https://futuretools.link/zoer-ai",
    "tags": []
  },
  {
    "id": "00d36dd7410b",
    "name": "Zed",
    "description": "High-performance code editor with AI features, real-time collaboration, and integrated development environment for modern programming workflows.",
    "category": "Productivity",
    "pricing": "Free",
    "url": "https://zed.dev/",
    "official_website": "https://zed.dev/",
    "tags": [
      "code-editor",
      "modern-workflows",
      "collaborative",
      "high-performance",
      "ai-features",
      "real-time-collaboration"
    ]
  },
  {
    "id": "167f1b5580d8",
    "name": "Zed AI",
    "description": "Integrated AI assistant within Zed editor providing code completion, chat assistance, and intelligent code analysis for enhanced productivity.",
    "category": "Productivity",
    "pricing": "Free",
    "url": "https://zed.dev/",
    "official_website": "https://zed.dev/",
    "tags": [
      "productivity",
      "ai-assistant",
      "chat-assistance",
      "code-analysis",
      "code-completion",
      "integrated-ai"
    ]
  },
  {
    "id": "19e2950ebd21",
    "name": "Zapier",
    "description": "Automation tool connecting apps and services with AI for repetitive task elimination.",
    "category": "Productivity",
    "pricing": "Freemium",
    "url": "https://zapier.com/",
    "official_website": "https://zapier.com/",
    "tags": [
      "automation",
      "productivity"
    ]
  },
  {
    "id": "1a057aac-0100-4eee-8ac9-66b085b7f580",
    "name": "Zenefits",
    "description": "HR platform with AI-powered benefits administration and compliance",
    "category": "Business Growth",
    "pricing": "Free",
    "url": "https://zenefits.com",
    "official_website": "https://zenefits.com",
    "tags": []
  },
  {
    "id": "1a81fd0e-7b95-4143-a54a-55ae51460cea",
    "name": "ZipTie.dev",
    "description": "AI search monitoring tool that tracks brand presence in AI-generated answers across platforms like Google AI Overviews, ChatGPT, and Perplexity. Compares brand performance to competitors for specific keywords and topics.",
    "category": "AI Productivity",
    "pricing": "Premium",
    "url": "https://ziptie.dev/",
    "official_website": "https://ziptie.dev/",
    "tags": []
  },
  {
    "id": "1fc1f85c-65f3-4f04-83df-fb1e10335860",
    "name": "Zest AI Credit",
    "description": "AI-powered credit underwriting",
    "category": "Specialized AI Services",
    "pricing": "Freemium",
    "url": "https://zestai.com",
    "official_website": "https://zestai.com",
    "tags": []
  },
  {
    "id": "28b84156-b966-4996-a96c-8c1c4413ed8c",
    "name": "Zed",
    "description": "High-performance code editor with AI features, real-time collaboration, and integrated development environment for modern programming workflows.",
    "category": "AI Productivity",
    "pricing": "Free",
    "url": "https://zed.dev/",
    "official_website": "https://zed.dev/",
    "tags": []
  },
  {
    "id": "2e619bdc-f8cf-43a2-9230-23a3226198c1",
    "name": "Zoho Analytics",
    "description": "AI-driven analytics platform with Zia AI assistant for natural language querying, anomaly detection, and predictive insights. Cost-effective solution for SMEs with drag-and-drop interface and extensive integrations.",
    "category": "AI Analytics",
    "pricing": "Free",
    "url": "https://www.zoho.com/analytics/",
    "official_website": "https://www.zoho.com/analytics/",
    "tags": []
  },
  {
    "id": "310900e1c6f8",
    "name": "Zapier AI",
    "description": "AI-powered automation platform",
    "category": "Automation",
    "pricing": "Not Specified",
    "url": "https://zapier.com/ai",
    "official_website": "https://zapier.com/ai",
    "tags": [
      "GitHub Community"
    ]
  },
  {
    "id": "358ef0a1-dd9d-421e-9a6e-94f60f4d99b3",
    "name": "Zebra Medical Vision",
    "description": "AI-powered healthcare solution",
    "category": "AI Healthcare",
    "pricing": "{\"model\":\"Varies\",\"details\":\"Pricing varies by tier and usage\"}",
    "url": "https://www.zebramedicalvision.com",
    "official_website": "https://www.zebramedicalvision.com",
    "tags": []
  },
  {
    "id": "3a68f018-8acb-434d-b95d-7acc120abdd0",
    "name": "Zozotown AI",
    "description": "Fashion AI",
    "category": "Specialized AI Services",
    "pricing": "Freemium",
    "url": "https://zozo.com",
    "official_website": "https://zozo.com",
    "tags": []
  },
  {
    "id": "3bf09a7e7506",
    "name": "Zapier",
    "description": "Specialized AI tool for research automation applications",
    "category": "Research Automation",
    "pricing": "Open Source",
    "url": "https://zapier.com",
    "official_website": "https://zapier.com",
    "tags": []
  },
  {
    "id": "462e7069-dc50-4e2b-9a84-2a0ff2d851a7",
    "name": "Zed AI",
    "description": "Integrated AI assistant within Zed editor providing code completion, chat assistance, and intelligent code analysis for enhanced productivity.",
    "category": "AI Productivity",
    "pricing": "Free",
    "url": "https://zed.dev/",
    "official_website": "https://zed.dev/",
    "tags": []
  },
  {
    "id": "48d6cf62-bfdd-49ec-8381-936147005728",
    "name": "Zed AI",
    "description": "AI-powered code editor",
    "category": "AI Development & Coding",
    "pricing": "{\"model\":\"Freemium\",\"details\":\"Free tier available with premium plans\"}",
    "url": "zedai",
    "official_website": "zedai",
    "tags": []
  },
  {
    "id": "4b0a7d28-f11e-4647-ab32-9f4e999022ed",
    "name": "Zendesk AI",
    "description": "AI-enhanced customer support platform",
    "category": "AI Customer Support",
    "pricing": "{\"model\":\"Freemium\",\"details\":\"Free tier available with premium plans\"}",
    "url": "zendeskai",
    "official_website": "zendeskai",
    "tags": []
  },
  {
    "id": "4ec8e500-5347-4f53-954f-e9def36086f2",
    "name": "Zams",
    "description": "Zams is an AI-powered enterprise automation platform that enables businesses to build and deploy intelligent agents without coding. Using its proprietary Z1 Engine, Zams makes large language models context-aware and capable of executing complex business workflows across 100+ integrated tools like Salesforce, HubSpot and Slack. The platform allows non-technical teams to automate repetitive tasks in sales, operations, and analytics by using simple English commands, saving organizations up to 20 ho",
    "category": "General",
    "pricing": "Unknown",
    "url": "https://futuretools.link/zams-com",
    "official_website": "https://futuretools.link/zams-com",
    "tags": []
  },
  {
    "id": "4f150b8d0718",
    "name": "Zed",
    "description": "High-performance multiplayer code editor with built-in AI features",
    "category": "Coding/Development",
    "pricing": "Unknown",
    "url": "https://zed.dev",
    "official_website": "https://zed.dev",
    "tags": []
  },
  {
    "id": "54bc56cf-0de8-492c-963c-d2458b6a5472",
    "name": "Zoho Chat AI",
    "description": "AI-enhanced customer messaging platform",
    "category": "AI Customer Support",
    "pricing": "{\"model\":\"Freemium\",\"details\":\"Free tier available with premium plans\"}",
    "url": "zohochatai",
    "official_website": "zohochatai",
    "tags": []
  },
  {
    "id": "5f2fbfdf-88ae-47ec-82da-d34ab1954438",
    "name": "Zapier AI",
    "description": "AI workflow automation and integration",
    "category": "AI Business & Finance",
    "pricing": "{\"model\":\"Freemium\",\"details\":\"Free tier available with premium plans\"}",
    "url": "zapierai",
    "official_website": "zapierai",
    "tags": []
  },
  {
    "id": "622bb56f-bf3e-403d-84b2-c7c58ca0677f",
    "name": "Zoho AI",
    "description": "AI-powered business suite",
    "category": "AI Business & Finance",
    "pricing": "{\"model\":\"Freemium\",\"details\":\"Free tier available with premium plans\"}",
    "url": "zohoai",
    "official_website": "zohoai",
    "tags": []
  },
  {
    "id": "698ddff41c18",
    "name": "Zaplify",
    "description": "Tired of tedious sales tasks? Let Zaplify do the job for you. Find your ideal customers, reach out automatically, and get actionable insights \u2013 all in one platform. Driven by AI.",
    "category": "Email marketing, Social media management tools, Lead generation software, AI sales tools",
    "pricing": "Not Specified",
    "url": "https://zaplify.com",
    "official_website": "https://zaplify.com",
    "tags": []
  },
  {
    "id": "7a96db51-91a1-411f-8aec-6b7f68cf2134",
    "name": "Zebra Medical Vision",
    "description": "Medical imaging AI",
    "category": "Healthcare AI APIs",
    "pricing": "Freemium",
    "url": "https://zebramedical.com",
    "official_website": "https://zebramedical.com",
    "tags": []
  },
  {
    "id": "88d296b14e8b",
    "name": "Zoho Analytics",
    "description": "AI-driven analytics platform with Zia AI assistant for natural language querying, anomaly detection, and predictive insights. Cost-effective solution for SMEs with drag-and-drop interface and extensive integrations.",
    "category": "Analytics",
    "pricing": "Freemium",
    "url": "https://www.zoho.com/analytics/",
    "official_website": "https://www.zoho.com/analytics/",
    "tags": [
      "zia-ai",
      "zoho-ecosystem",
      "smb-friendly",
      "drag-and-drop",
      "natural-language",
      "cost-effective"
    ]
  },
  {
    "id": "9188fc84-218b-477f-9f6c-3d1a4bd5d8f5",
    "name": "Zyro AI",
    "description": "Versatile AI tool for content creation offering personalized copy generation, engaging blog titles, and website building capabilities. Creates slogans, logos, and improves overall content quality using AI algorithms.",
    "category": "AI Design",
    "pricing": "Free",
    "url": "https://zyro.com/",
    "official_website": "https://zyro.com/",
    "tags": []
  },
  {
    "id": "96eb9a83-2273-42df-bde6-4127989fe41f",
    "name": "Zapier",
    "description": "Connect your apps and automate workflows",
    "category": "AI Productivity",
    "pricing": "{\"model\":\"Varies\",\"details\":\"Pricing varies by tool\"}",
    "url": "https://www.producthunt.com/products/zapier",
    "official_website": "https://www.producthunt.com/products/zapier",
    "tags": []
  },
  {
    "id": "9be2874c-7ec2-482e-a3e6-8aef227e9fb2",
    "name": "Zapier",
    "description": "No description available.",
    "category": "General",
    "pricing": "Unknown",
    "url": "https://futuretools.link/zapier-com",
    "official_website": "https://futuretools.link/zapier-com",
    "tags": []
  },
  {
    "id": "9fc796c1-71b6-4dcd-99f3-cef658083aed",
    "name": "zephyr-7b-beta",
    "description": "\u2022",
    "category": "Model",
    "pricing": "Unknown",
    "url": "https://huggingface.co/HuggingFaceH4/zephyr-7b-beta",
    "official_website": "https://huggingface.co/HuggingFaceH4/zephyr-7b-beta",
    "tags": []
  },
  {
    "id": "a41d99925ff8",
    "name": "Zenodo",
    "description": "Academic publishing and research data platform for scholarly communication",
    "category": "Research Infrastructure",
    "pricing": "Free",
    "url": "https://www.zenodo.org",
    "official_website": "https://www.zenodo.org",
    "tags": []
  },
  {
    "id": "a613b314-78d5-4b0b-bbb5-1dbfe8b8f213",
    "name": "Zebra Medical Vision",
    "description": "AI radiology diagnostics platform",
    "category": "AI Healthcare",
    "pricing": "{\"model\":\"Freemium\",\"details\":\"Free tier available with premium plans\"}",
    "url": "zebramedicalvision",
    "official_website": "zebramedicalvision",
    "tags": []
  },
  {
    "id": "a6de0757-a28a-4032-a6d6-0198ccc0a21b",
    "name": "Zoox",
    "description": "Autonomous vehicle design",
    "category": "Specialized AI Services",
    "pricing": "Freemium",
    "url": "https://amazon.com",
    "official_website": "https://amazon.com",
    "tags": []
  },
  {
    "id": "b5143927ebc4",
    "name": "Zapier Agents",
    "description": "An experimental AI workspace where you can teach AI agents to work across thousands of apps",
    "category": "AI Automation",
    "pricing": "Not Specified",
    "url": "https://zapier.com/agents",
    "official_website": "https://zapier.com/agents",
    "tags": [
      "Accesses company's source of truth in apps like HubSpot, Notion, Airtable",
      "Syncs data sources automatically",
      "Simple chatbot interface for creating agents",
      "Trains agents to work autonomously based on triggers, data processing, and actions",
      "Teach AI agents to work across thousands of apps"
    ]
  },
  {
    "id": "b558c285-91b7-49d6-91b1-17fc4204f0e4",
    "name": "Zenefits AI",
    "description": "AI-enhanced HR and benefits",
    "category": "AI Business & Finance",
    "pricing": "{\"model\":\"Freemium\",\"details\":\"Free tier available with premium plans\"}",
    "url": "zenefitsai",
    "official_website": "zenefitsai",
    "tags": []
  },
  {
    "id": "b58aec21b349",
    "name": "Zapier AI",
    "description": "AI automation for workflows with clunky but functional UX.",
    "category": "Automation",
    "pricing": "Freemium",
    "url": "https://zapier.com/",
    "official_website": "https://zapier.com/",
    "tags": [
      "automation",
      "workflows"
    ]
  },
  {
    "id": "b840b2cecd65",
    "name": "zephyr-7b-beta",
    "description": "\u2022",
    "category": "Model",
    "pricing": "Not Specified",
    "url": "https://huggingface.co/HuggingFaceH4/zephyr-7b-beta",
    "official_website": "https://huggingface.co/HuggingFaceH4/zephyr-7b-beta",
    "tags": []
  },
  {
    "id": "badd0125-ec22-49d4-b6c0-c721d8a95573",
    "name": "Zenodo",
    "description": "Academic publishing and research data platform for scholarly communication",
    "category": "Research Infrastructure",
    "pricing": "Free",
    "url": "https://www.zenodo.org",
    "official_website": "https://www.zenodo.org",
    "tags": []
  },
  {
    "id": "c56ab36d-90a1-48ab-98d8-1886669eb1f9",
    "name": "Zoom AI Companion",
    "description": "AI meeting assistant and insights",
    "category": "AI Productivity",
    "pricing": "{\"model\":\"Freemium\",\"details\":\"Free tier available with premium plans\"}",
    "url": "zoomaicompanion",
    "official_website": "zoomaicompanion",
    "tags": []
  },
  {
    "id": "c924a55f88d1",
    "name": "Zyro AI",
    "description": "Versatile AI tool for content creation offering personalized copy generation, engaging blog titles, and website building capabilities. Creates slogans, logos, and improves overall content quality using AI algorithms.",
    "category": "Design",
    "pricing": "Freemium",
    "url": "https://zyro.com/",
    "official_website": "https://zyro.com/",
    "tags": [
      "website builder",
      "content creation",
      "blog titles",
      "personalized copy",
      "logo maker",
      "slogan maker"
    ]
  },
  {
    "id": "d9d17897-d914-4d31-ac5d-b44546e0cf0e",
    "name": "Zillow AI",
    "description": "Real estate AI and analytics",
    "category": "Specialized AI Services",
    "pricing": "Freemium",
    "url": "https://zillow.com",
    "official_website": "https://zillow.com",
    "tags": []
  },
  {
    "id": "e98b5cac-e7e9-4f36-88d2-624239b830bc",
    "name": "Zapier",
    "description": "Leading automation platform with AI Agents, AI by Zapier for content generation, Interfaces for building internal tools, Tables for data management, and connections to 7000+ apps.",
    "category": "AI Productivity",
    "pricing": "Free",
    "url": "https://zapier.com",
    "official_website": "https://zapier.com",
    "tags": []
  },
  {
    "id": "f171d1a8f8ef",
    "name": "Zotero",
    "description": "Free, easy-to-use tool to help you collect, organize, cite, and share research",
    "category": "Reference Management",
    "pricing": "Free",
    "url": "https://www.zotero.org",
    "official_website": "https://www.zotero.org",
    "tags": []
  },
  {
    "id": "f3171453-0b50-40da-b153-d66fb6dc7a23",
    "name": "Zendesk AI",
    "description": "AI-powered customer support solution",
    "category": "AI Customer Support",
    "pricing": "{\"model\":\"Varies\",\"details\":\"Pricing varies by tier and usage\"}",
    "url": "https://www.zendeskai.com",
    "official_website": "https://www.zendeskai.com",
    "tags": []
  },
  {
    "id": "f5ce98d5-74f9-45db-a550-5cb544fac160",
    "name": "Zapier AI",
    "description": "AI-powered business and finance solution",
    "category": "AI Business & Finance",
    "pricing": "{\"model\":\"Varies\",\"details\":\"Pricing varies by tier and usage\"}",
    "url": "https://www.zapierai.com",
    "official_website": "https://www.zapierai.com",
    "tags": []
  },
  {
    "id": "f6093ce45712",
    "name": "ZipTie.dev",
    "description": "AI search monitoring tool that tracks brand presence in AI-generated answers across platforms like Google AI Overviews, ChatGPT, and Perplexity. Compares brand performance to competitors for specific keywords and topics.",
    "category": "Productivity",
    "pricing": "Premium",
    "url": "https://ziptie.dev/",
    "official_website": "https://ziptie.dev/",
    "tags": [
      "chatgpt",
      "competitor comparison",
      "brand presence",
      "perplexity",
      "ai search monitoring",
      "ai overviews"
    ]
  }
]